receptor,amino acid sequence
A4HS02_0_apo,MQPVQSPPVAPPSVPVAAPKKTPIDISALKLKMSASVRATLAAAGVLGQCPRPIEAADEDALLKLKPMKTIVPSVKKVVAPVATTAPPPKVRRVESSSSSSSDSSSSSSDDDSSSDDSSGSDSSSYSSDDRSSSSAESVVSGEATLFHIAQSQGLVNKEVLAQEEEEVPTLVPPRPPVVRSFPNDIGKALERYRERLNREENIIRIKDDNKAVSLGTSKINYIDPRIICSWAKAQDVPINKIFSATIQKKFPWAMNAENFDF
A0A5K1UGZ1_0_apo,MQPVQSPPVAPPSVPVAAPKKTPIDISALKLKMSASVRATLAAAGVLGQCPRPIEAADEDALLKLKPMKTIVPSVKKVVAPVATTAPPPKVRRVESSSSSSSDSSSSSSDDDSSSDDSSGSDSSSYSSDDRSSSSAESVVSGEATLFHIAQSQGLVNKEVLAQEEEEVPTLVPPRPPVVRSFPNDIGKALERYRERLNREENIIRIKDDNKAVSLGTSKINYIDPRIICSWAKAQDVPINKIFSATIQKKFPWAMNAENFDF
A0A3Q8IHS4_0_apo,MKVENSKMGVKREQSHSNEDEEINEEDLNWWEQENLRIAMKGERRWETLAHNGVLFPPEYEPHGIPIFYDGREFKMTPEEEEVATMFAVMKEHDYYRMEVFRRNFFESWREILDKRQHPIRRLELCDFEPIYQWHLVQREKKLSRTKEEKKAIKEKQDAEAEPYRYCVWDGRREQVANFRVEPPGLFRGRGKHPLMGKLKVRVQPEDITINIGETAEVPVPPAGHKWAAVQHDHTVTWLAMWRDSVAGNMKYVMLAPSSSVKGQSDMVKFEKARKLKDKVDDIRASYMEDFKSNDLHVAQRAVAMYFIDRLALRVGNEKGEDEADTVGCCSLRVEHIQLMPDNIVRFDFLGKDSIRYQNDVAVLPEVYALLQRFTRRKSPGMDIFDQLNPTQLNDHLKSFMDGLSAKVFRTYNASITLDRWFKEKPVDPKWSTADKLAYFNKANTEVAILCNHQKSVSKNFKLQMMQLTTKSEYTRKTIELLEKAEVTAKKKSVEEAAKEFLEEQDRMQREWLESYGTEEQKKEFEEIVAKRAAPRVRSEKKKSTSGAKKAESASGKKRAAKKKKSAKKGGKVLSKKAASKSSKKAPKKLKEEDEDDVPLVSVAAKTKKTAGVKRQRANKVVSDDDDVPLAALRV
A0A504Y4N7_0_apo,MQPVQSPPVAPPSVPVAAPKKTPIDISALKLKMSPSVRATLAAAGVLGQCPRPIEAADEDALLKLKPMKTIVPSVKKVVAPVATTAPPPKVRRVESSSSSSSDSSSSSSDDDSSSDDSSGSDSSSYSSDDRSSSSAESVVSGEATLFHIAQSQGLVNKEVLAQEEEEVPTLVPPRPPVVRSFPNDIGKALERYRERLNREENIIRIKDDNKAVSLGTSKINYIDPRIICSWAKAQDVPINKIFSATIQKKFPWAMNAENFDF
A0A5K1USX6_0_apo,MSRAYDLVVLGAGSGGLEAGWNAAVTHKKKVAVVDVQATHGPPLFAALGGTCVNVGCVPKKLMVTGAQYMDLIRESGGFGWEMDRESLCPNWKTLIAAKNKVVNSINESYKSMFADTEGLSFHMGFGALQDAHTVVVRKSEDPHSDVLETLDTEYILIATGSWPTRLGVPGDEFCITSNEAFYLEDAPKRMLCVGGGYIAVEFAGIFNGYKPCGGYVDLCYRGDLILRGFDTEVRKSLTKQLGANGIRVRTNLNPTKITKNEDGSNHVHFNDGTEEDYDQVMLAIGRVPRSQALQLDKAGVRTGKNGAVQVDAYSKTSVDNIYAIGDVTNRVMLTPVAINEGAAFVETVFGGKPRATDHTKVACAVFSIPPIGTCGMTEEEAAKNYETVAVYASSFTPLMHNISGSKHKEFMIRIITNESNGEVLGVHMLGDSAPEIIQSVGICMKMGAKISDFHSTIGVHPTSAEELCSMRTPAYFYESGKRVEKLSSNL
A0A5K1UJN8_0_apo,MKVENSKMGVKREQSHSNEDEEINEEDLNWWEQENLRIAMKGERRWETLAHNGVLFPPEYEPHGIPIFYDGREFKMTPEEEEVATMFAVMKEHDYYRMEVFRRNFFESWREILDKRQHPIRRLELCDFEPIYQWHLVQREKKLSRTKEEKKAIKEKQDAEAEPYRYCVWDGRREQVANFRVEPPGLFRGRGKHPLMGKLKVRVQPEDITINIGETAEVPVPPAGHKWAAVQHDHTVTWLAMWRDSVAGNMKYVMLAPSSSVKGQSDMVKFEKARKLKDKVDDIRASYMEDFKSNDLHVAQRAVAMYFIDRLALRVGNEKGEDEADTVGCCSLRVEHIQLMPDNIVRFDFLGKDSIRYQNDVAVLPEVYALLQRFTRRKSPGMDIFDQLNPTQLNDHLKSFMDGLSAKVFRTYNASITLDRWFKEKPVDPKWSTADKLAYFNKANTEVAILCNHQKSVSKNFKLQMMQLTTKSEYTRKTIELLEKAEVTAKKKSVEEAAKEFLEEQDRMQREWLESYGTEEQKKEFEEIVAKRAAPRVRSEKKKSTSGAKKAESASGKKRAAKKKKSAKKGGKVLSKKAASKSSKKAPKKLKEEDEDDVPLVSMAAKTKKTAGVKRQRANKVVSDDDDVPLAALRV
E9AJZ0_0_apo,MQPAQSPPVAPPSVPAAAPKKTPIDISALKLKMSPSVRATLAAAGVLAQCPRSIEAADEDALLKLKPMKTMVPPVKKVVAPVATTAPPPKVRRVESSSTSSSDSSSSSSNDDSSSDGSSDSDSSSYSSDDRSSSSAESVVSGEATLFHIAQSQGLVNREILTQEEEEVPTLVPPRPPVVRSFPNDIGKALVRYRERLNREENIIRIKDDNKAVSLGTSKINYIDPRIICSWAKAQDVPINKIFSATIQKKFPWAMNAENFDF
Q9GPZ9_0_apo,MKVENSKMGVKREQSHSNEDEEINEEDLNWWEQENLRIAMKGERRWETLAHNGVLFPPEYEPHGIPIFYDGREFKMTPEEEEVATMFAVMKEHDYYRMEVFRRNFFESWREILDKRQHPIRRLELCDFEPIYQWHLVQREKKLSRTKEEKKAIKEKQDAEAEPYRYCVWDGRREQVANFRVEPPGLFRGRGKHPLMGKLKVRVQPEDITINIGETAEVPVPPAGHKWAAVQHDHTVTWLAMWRDSVAGNMKYVMLAPSSSVKGQSDMVKFEKARKLKDKVDDIRASYMEDFKSNDLHVAQRAVAMYFIDRLALRVGNEKGEDEADTVGCCSLRVEHIQLMPDNIVRFDFLGKDSIRYQNDVAVLPEVYALLQRFTRRKSPGMDIFDQLNPTQLNDHLKSFMDGLSAKVFRTYNASITLDRWFKEKPVDPKWSTADKLAYFNKANTEVAILCNHQKSVSKNFKLQMMQLTTKSEYTRKTIELLEKAEVTAKKKSVEEAAKEFLEEQDRMQREWLESYGTEEQKKEFEEIVAKRAAPRVRSEKKKSTSGAKKAESASGKKRAAKKKKSAKKGGKVLSKKAASKSSKKAPKKLKEEDEDDVPLVSMAAKTKKTAGVKRQRANKVVSDDDDVPLAALRV
Q9NGZ9_0_apo,DTVVGCCSLRVEHIQLMPDNIVRFDFLGKDSIRYQNDVAVLPEVYALLQRFTRRKSPGMDIFDQLNPTQLNDHLKSFMDGLSAKVFRTY
A0A504XCW5_0_apo,MKVENSKMGVKREQSHSNEDEEINEEDLNWWEQENLRIAMKGERRWETLAHNGVLFPPEYEPHGIPIFYDGREFKMTPEEEEVATMFAVMKEHDYYRMEVFRRNFFESWREILDKRQHPIRRLELCDFEPIYQWHLVQREKKLSRTKEEKKAIKEKQDAEAEPYRYCVWDGRREQVANFRVEPPGLFRGRGKHPLMGKLKVRVQPEDITINIGETAEVPVPPAGHKWAAVQHDHTVTWLAMWRDSVAGNMKYVMLAPSSSVKGQSDMVKFEKARKLKDKVDDIRASYMEDFKSNDLHVAQRAVAMYFIDRLALRVGNEKGEDEADTVGCCSLRVEHIQLMPDNIVRFDFLGKDSIRYQNDVAVLPEVYALLQRFTRRKSPGMDIFDQLNPTQLNDHLKSFMDGLSAKVFRTYNASITLDRWFKEKPVDPKWSTADKLAYFNKANTEVAILCNHQKSVSKNFKLQMMQLTTKSEYTRKTIELLEKAEVTAKKKSVEEAAKEFLEEQDRMQREWLESYGTEEQKKEFEEIVAKRAAPRVRSEKKKSTSGAKKAESASGKKRAAKKKKSAKKGGKMLSKKAASKSSKKAPKKLKEEDEDDVPLVSVAAKTKKTAGVKRQRANKVVSDDDDVPLAALRV
A4HPA0_0_apo,MVQTKEIALEQLALTLTGDASWSSGPIYVVCDVGGTSARVGFSQASQHDRSGLHIIYVRFKVTKSDIRQLLEFFDEVLQHLKKNLPDHGASFLRRVASGAVSVPGPVTNGQLAGPFNNLKGIARLVDYPVELFPKGRSALLNDLEAGAYGVLALSNAGILSDYFKVMWKGTQWDALSEGKPAGSTIGRGRCMVVAPGTGVGSSLIHYVGVSDSYIVLALECGSLSMSWCANEDSKYVQALAGYMASKAHAKGLDSTVAPIWEAASNGAGLEFNYAYAKEGQKASAPLKSAPEVAKLAKSGSDTAAIAAVDRLYKNLIGLTAETTMQFLPLTCVLMGDNVVANSFYFEKPENVKRLQARLHEHAMERQFKFLSRTTFLRQVSSVNINLLGCLGFGSQLSKSADQVVPTKSHL
A0A3P3ZIH2_0_apo,MVQTKEIALEQLALTLTGDASWSSGPIYVVCDVGGTSARVGFSQASQHDRSGLHIIYVRFKVTKSDIRQLLEFFDEVLQHLKKNLPDHGASFLRRVASGAVSVPGPVTNGQLAGPFNNLKGIARLVDYPVELFPKGRSALLNDLEAGAYGVLALSNAGILSDYFKVMWKGTQWDALSEGKPAGSTIGRGRCMVVAPGTGVGSSLIHYVGVSDSYIVLALECGSLSMSWCANEDSKYVQALAGYMASKAHAKGLDSTVAPIWEAASNGAGLEFNYAYAKEGQKASAPLKSAPEVAKLAKSGSDTAAIAAVDRLYKNLIGLTAETTMQFLPLTCVLMGDNVVANSFYFEKPENVKRLQARLHEHAMERQFKFLSRTTFLRQVSSVNINLLGCLGFGSQLSKSADQVVPTKSHL
P84066_0_apo,MLQAMDQGHLLVNNVDKYVRAGRGVMVYIAFLSDRDSAPITDEALRHAVGVLLHTKIFTHFSPEKMINQPQSLEECPEMDILIVPQASLGGKVKGRSVQFHQLVAKDVGAALYDRFCHFVRVARGVDESRVDANGAPRSEGDAPKAEGWIKYNSRVISGTFGNRQGLRFESEGPFTHMFDI
C5MLW7_0_apo,MIGELLLLLAAGLALYGWYFCKSFNTTRPTDPPVVHGTTPFVGHIIQFGKDPLGFMLKAKKKYGGIFTMNICGNRITVVGDVHQHSKFFTPRNEILSPREVYSFMVPVFGEGVAYAAPYPRMREQLNFLAEELTVAKFQNFAPSIQHEVRKFMKANWNKDEGEINILDDCSAMIINTACQCLFGEDLRKRLDARQFAQLLAKMESCLIPAAVFLPWILKLPLPQSYRCRDARAELQDILSEIIIAREKEEAQKDTNTSDLLAGLLGAVYRDGTRMSQHEVCGMIVAAMFAGQHTSTITTTWSLLHLMDPRNKRHLAKLHQEIDEFPAQLNYDNVMEEMPFAEQCARESIRRDPPLVMLMRKVLKPVQVGKYVVPEGDIIACSPLLSHQDEEAFPNPREWNPERNMKLVDGAFCGFGAGVHKCIGEKFGLLQVKTVLATVLRDYDFELLGPLPEPNYHTMVVGPTASQCRVKYIKKKKAAA
A0A088RNG1_0_apo,MATAQLACTYAALILSESGKTDADSICAVAKAAGVEVSNGMAAAFANALATVNVKEVLGCITFGGAAAGGAAAPAAAAAGGAAPAAVEKKDEPEEEADDDMGFGLFD
A0A3P3Z1R7_0_apo,MATAQLACTYAALILSESGKADADSICAVAKAAGVEVSNGMAAAFANALATVNVKEVLGCITFGGAAAGGAAAPAAAAAGGAAPAAVEKKDEPEEEADDDMGFGLFD
A0A3G4YQ88_0_apo,MHFLSYCFFASCRTRGVVNMQYLAAYALVALSGKTPSKADVQAVLKAAGVAVDASRVDAVFQEVEGKSFDALVAEGRTKLVGSGSAAPAGAASTAGAAAGAVAEAKKEEPEEEEADDDMGFGLFD
A4HWD9_0_apo,MTTAQLACTYAALILSASGKTDADSICAVTKAAGVEVSHGMAAAFANALASVNVNEVLGSIRFSGAAAGGAAAPAAAAAASGAAPAAAAAKEEPEEDADDDMGFGLFD
A0A3P3ZDV2_0_apo,MQYLAAYALVALSGKTPCKADVQAVLKAAGVAIELSRVDALFQELEGKSFDELMTEGRSKLVGSGSAAPAAAASTAGAAVAAAADAKKEASEEEADDDMGFGLFD
E9AI48_0_apo,MATAQLACTYAALILSESGKADADSICAVAKAAGVEVSNGMAAAFANALATVNVKEVLGCITFGGAAAGGAAAPAAAAAGGAAPAAVEKKDEPEEEADDDMGFGLFD
A0A5K1VH91_0_apo,MTTAQLACTYAALILSASGKTDADSICAVTKAAGVEVSHGMAAAFANALASVNVNEVLGSIRFSGAAAGGAAAPAAAAAASGAAPAAAAAKEEPEEDADDDMGFGLFD
O44010_0_apo,MQYLAAYALVALSGKTPCKADVQAVLKAAGVAIELSRVDALFQELEGKSFDELMTEGRSKLVGSGSAAPAAAASTAGAAVAAAADAKKEASEEEADDDMGFGLFD
A2TEF2_0_apo,MIGELLLLLAAGLALYGWYFCKSFNTTRPTDPPVVHGTTPFVGHIIQFGKDPLGFMLKAKKKYGGIFTMNICGNRITVVGDVHQHSKFFTPRNEILSPREVYSFMVPVFGEGVAYAAPYPRMREQLNFLAEELTVAKFQNFAPSIQHEVRKFMKANWNKDEGEINILDDCSAMIINTACQCLFGEDLRKRLDARQFAQLLAKMESCLIPAAVFLPWILKLPLPQSYRCRDARAELQDILSEIIIAREKEEAQKDTNTSDLLAGLLGAVYRDGTRMSQHEVCGMIVAAMFAGQHTSTITTTWSLLHLMDPRNKRHLAKLHQEIDEFPAQLNYDNVMEEMPFAEQCARESIRRDPPLVMLMRKVLKPVQVGKYVVPEGDIIACSPLLSHQDEEAFPNPREWNPERNMKLVDGAFCGFGAGVHKCIGEKFGLLQVKTVLATVLRDYDFELLGPLPEPNYHTMVVGPTASQCRVKYIKKKKAAA
A0A1E1IS54_0_apo,MATAQLACTYAALILSESGKTDADSICAVAKAAGVEVSNGMAAAFANALATVNVKEVLGCITFGGAAAGGAAAPAAAAAGGAAPAAVEKKDEPEEEADDDMGFGLFD
E9B1E7_0_apo,MQYLAAYALVALSGKMPSKADVQAVLKAAGAAVDDSRVDAVFQELEGKDLHGLMTEGRTKLVGAGSAAPAAAASTAGAAAAPVAETKKEEPEEEADDDMGFGLFD
Q4Q6R6_0_apo,MQYLAAYALVALSGKTPSKADVQAVLKAAGVAVDASRVDAVFQEMEGKSFDAVVAEGRTKLVGSGSAAPAGAASTAGAAAGAVAEAKKEEPEEEEADDDMGFGLFD
Q8WQM6_0_apo,MQPVQSPPVAPPSVPVAAPKKTPIDISALKLKMSPSVRATLAAAGVLGQCPRPIEAADEDALLKLKPMKTMVPSVKKVVAPVATTAPPPKVRRVESSSSSSSDSSSSSSDDDSSTDDSSGSDSSSYSSDDRSSSSAESVVSGEATLFHIAQSQGLVNKEVLTQEEEEVPTLVPPRPPVVRSFPNDIGKALERYRERLNREENIIRIKDDNKAVSLGTSKINYIDPRIICSWAKAQDVPINKIFSATIQKKFPWAMNAENFDF
Q4QFE2_0_apo,MTTAQLACTYAALILSASGKTDADSICAVTKAAGVEVSHGMAAAFANALAAVNVNEVLGSISFGGAAAGGAAAPAAAAAASGAAPAAAAAKEEPEEDADDDMGFGLFD
A0A088RZ69_0_apo,MQYLAAYALVALSGKTPCKADVQAVLKAAGVAVDLCRVDALFQELEGKSFDGLMTEGRSKLVGSGSAAPAAAASTAGAAVATAADAKKEASEEEADDDMGFGLFD
Q06383_0_apo,MQYLAAYALVALSGKTPSKADVQAVLKAAGVAVDASRVDAVFQEVEGKSFDALVAEGRTKLVGSGSAAPAGAVSTAGAGAGAVAEAKKEEPEEEEADDDMGFGLFD
A0A3Q8IA63_0_apo,MTTAQLACTYAALILSASGKTDADSICAVTKAAGVEVSHGMAAAFANALASVNVNEVLGSIRFSGAAAGGAAAPAAAAAASGAAPAAAAAKEEPEEDADDDMGFGLFD
E9AQ39_0_apo,MTTAQLACTYAALILSASGKTDADSICAVTKAAGVEVSHGMAAAFANALASVNVSEVLGSISFGGAAAGGPAAPAAAAASGAAPAAAAAKEEPEEEADDDMGFGLFD
A0A1E1J2F8_0_apo,MQYLAAYALVTLSGKTPCKADVQAVLKAAGVAVDLCRVDALFQELEGKSFDGLMTEGRSKLVGSGSAAPAAAASTAGAAVATAADAKKEASEEEADDDMGFGLFDXTMTWALVCSTKRYPG
A0A3G4YQ95_0_apo,MQYLAAYALVALSGKTPSKADVQAVLKAAGVAVDASRVDAVFQEVEGKSFDALVAEGRTKLVGSGSAAPAGAASTAGAAAGAVAEAKKEEPEEEEADDDMGFGLFD
Q8MPM3_0_apo,MASIEKVANCIRCLAADIVQGGKSGHPGTPMGMAPMSAVLWTEVMKYNSQDPDWVDRDRFVMSNGHGCALQYALLHMAGYNLTMDDLKGFRQDGSRTPGHPERFVTPGVEVTTGPLGQGIANAVGLAIAEAHLAATFNRPGYNIVDHYTYVYCGDGCLMEGVCQEALSLAGHLALEKLIVIYDSNYISIDGSTSLSFTEQCHQKYVAMGFHVIEVKNGDTDYEGLRKALAEAKATKGKPKMIVQTTTIGFGSSKQGTEKVHGAPLGEEDIANIKAKFGRDPQKKYDVDDDVRAVFRMHIDKCSAEQKAWEELLAKYTAAFPAEGAAFVAQMRGELPSGWEAKLPTNSSAIATRKASENCLAVLFPAIPALMGGSADLTPSNLTRPASANLVDFSSSSKEGRYIRFGVREHAMCAILNGLDAHDGIIPFGGTFLNFIGYALGAVRLAAISHHRVIYVATHDSIGVGEDGPTHQPVELVAALRAMPNLQVIRPSDQTETSGAWAVALSSIHTPTVLCLSRQNTEPQSGSSIEGVRHGAYSVVDVPDLQLVIVASGSEVSLAVDAAKALSGELRVRVVSMPCQELFDAQPDTYRQAVLPAGVPVVSVEAYVSFGWEKYSHAHVGMSGFGASAPAGVLYKKFGITVEEVVRTGRELAKRFPDGTAPLKNSSFSKM
O77103_0_apo,MSLKEIGPNSLLLEDSHSLSQLLKKNYRWYSPIFSPRNVPRFADVSSITESPETLKAIRDFLVERYRTMSPAPTHILGFDARGFLFGPMIAVELGIPFVLMRKADKNAGLLIRSEPYEKEYKEAAPEVMTIRHGSIGKNSRVVLIDDVLATGGTALSGLQLVEASGAEVVEMVSILTIPFLKAAERIHSTAGGRYKNVRFIGLLSEDVLTEANCGDLNDYTGPRVLSCSDLLVNQ
A4ID61_0_apo,MASQPGDALGKIDYWVQYIDCALKHPRPLPAGKHAHRQSLETIPEVAELYHCIYKLYNEEESSVWFREPVNALAQEIFTYYDVVKSPMSLRHILDNIVKGDTYSTALQVMEDVELIWKNCITFNGANSLLATEAGKCRSALDRIRRAYQDDQRITVEEAERLFRVISSMQEQQLIDNIAEYLRRDDPTSIDETGAVNFDMLKRKHFRNLERIVDNYSKSRTRS
E9BU61_0_apo,MASQPGDALGKIDYWVQYIDCALKHPRPLPAGKHAHRQSLETIPEVAELYHCIYKLYNEEESSVWFREPVNALAQEIFTYYDVVKSPMSLRHILDNIVKGDTYSTALQVMEDVELIWKNCITFNGANSLLATEAGKCRSALDRIRRAYQDDQRITVEEAERLFRVISSMQEQQLIDNIAEYLRRDDPTSIDETGAVNFDMLKRKHFRNLERIVDNYSKSRTRS
A0A3S7XB61_0_apo,MASQPGDALGKIDYWVQYIDCALKHPRPLPAGKHAHRQSLETIPEVAELYHCIYKLYNEEESSVWFREPVNALAQEIFTYYDVVKSPMSLRHILDNIVKGDTYSTALQVMEDVELIWKNCITFNGANSLLATEAGKCRSALDRIRRAYQDDQRITVEEAERLFRVISSMQEQQLIDNIAEYLRRDDPTSIDETGAVNFDMLKRKHFRNLERIVDNYSKSRTRS
O15826_0_apo,MKRARSANIPGAILHSLAELQDGLNAMIDPSWRAVRSLDNWALAITMESTELLDSYPWKWWKNLNATPDLANVRIELVDIFHFSLSGAMQMRSTPDDEIPAASLKPLKEVMTTFLPAKECTSDPYGFVFFPLTDTQNAIASFRNIIQLANAYRFDVIIECIIYAAEDLGFNLVAYYIAKHTLNCIRQLSGYKDGSYVKVNNGVEDNSLLHNCIKDVSLDEVLDADKYVQAWNSIMANVYEAFQIKESDRKDAERWFALAKENRLAIKA
A0A5K1VH07_0_apo,MASQPGDALGKIDYWVQYIDCALKHPRPLPAGKHAHRQSLETIPEVAELYHCIYKLYNEEESSVWFREPVNALAQEIFTYYDVVKSPMSLRHILDNIVKGDTYSTALQVMEDVELIWKNCITFNGANSLLATEAGKCRSALDRIRRAYQDDQRITVEEAERLFRVISSMQEQQLIDNIAEYLRRDDPTSIDETGAVNFDMLKRKHFRNLERIVDNYSKSRTRS
A0A5B8Z0C0_0_apo,IYEETVKITHIKMAPTLPEVDIHTLGTYTFDDYNFQVEVVDSLADYAAYMQEVFDFEAIRALVQRLDFKVHVDSLHGVSGPYVDRIFHEGLGVPKTSLFRTNVLPDFGGCHPDPNLTYAADLVHVMGLLPDGNANPAMKHISTVPSFGV
A0A3S7WRS7_0_apo,MIGELLLLLTAGLALYGWYFCKSFNTTRPTDPPVVHGTTPFVGHIIQFGKDPLGFMLKAKKKYGGIFTMNICGNRITVVGDVHQHSKFFTPRNEILSPREVYSFMVPVFGEGVAYAAPYPRMREQLNFLAEELTVAKFQNFAPSIQHEVRKFMKANWNKDEGEINILDDCSAMIINTACQCLFGEDLRKRLDARQFAQLLAKMESCLIPAAVFLPWILKLPLPQSYRCRDARAELQDILSEIIIAREKEEAQKDTNTSDLLAGLLGAVYRDGTRMSQHEVCGMIVAAMFAGQHTSTITTTWSLLHLMDPRNKRHLAKLHQEIDEFPAQLNYDNVMEEMPFAEQCARESIRRDPPLVMLMRKVLKPVQVGKYVVPEGDIIACSPLLSHQDEEAFPNPREWNPERNMKLVDGAFCGFGAGVHKCIGEKFGLLQVKTVLATVLRDYDFELLGPLPEPNYHTMVVGPTASQCRVKYIKKKKAAA
Q4Q7K6_0_apo,MSAPTALTVPRRSASDAALADATRRELEEEMGRSDKPEQPTPPAGWQVVRKPGTCTFDLTKSFEGEDLVVRYSTNQDSDKANSHNIFVYITQKNGQTMQADLSIEEGELVLNNIRFYDEAALAKDTGAEAEAKRNELYTGPLVHELDYDLLNCVMTYLEKRGVDEKLGEFVVLYSFWAEQQDYEAWLTTMNKFAS
E9AC39_0_apo,MSTPRTTATAAKPKPYSFVNDYSVGMHPKILDLMARDNMTQHAGYGQDSHCAKAARLIGELLERPDADVHFISGGTQTNLIACSLALRPWEAVIATQLGHISTHETGAIEATGHKVVTAPCPDGKLRVADIESALHENRSEHMVIPKLVYISNTTEVGTQYTKQELEDISASCKEHGLYLFLDGARLASALSSPVNDLTLADIARLTDMFYIGATKAGGMFGEALIILNDALKPNARHLIKQRGALMAKGWLLGIQFEVLMKDNLFFELGAHSNKMAAILKAGLEACGIRLAWPSASNQLFPILENTMIAELNNDFDMYTVEPLKDGTCIMRLCTSWATEEKECHRFVEVLKRLVASTA
A0A5K1VLY0_0_apo,MPFKEVSPNSFLLDDSHALSQLLKKSYRWYSPVFSPRNVPRFADVSSITESPETLKAIRDFLVQRYRAMSPAPTHILGFDARGFLFGPMIAVELEIPFVLMRKADKNAGLLIRSEPYEKEYKEAAPEVMTIRYGSIGKGSRVVLIDDVLATGGTALSGLQLVEASDAVVVEMVSILSIPFLKAAEKIHSTANSRYKDIKFISLLSDDALTEENCGDSKNYTGPRVLSCGDVLAEHPH
Q27679_0_apo,MPFKEVSPNSFLLDDSHALSQLLKKSYRWYSPVFSPRNVPRFADVSSITESPETLKAIRDFLVQRYRAMSPAPTHILGFDARGFLFGPMIAVELEIPFVLMRKADKNAGLLIRSEPYEKEYKEAAPEVMTIRYGSIGKGSRVVLIDDVLATGGTALSGLQLVEASDAVVVEMVSILSIPFLKAAEKIHSTANSRYKDIKFISLLSDDALTEENCGDSKNYTGPRVLSCGDVLAEHPH
A4I1V1_0_apo,MPFKEVSPNSFLLDDSHALSQLLKKSYRWYSPVFSPRNVPRFADVSSITESPETLKAIRDFLVQRYRAMSPAPTHILGFDARGFLFGPMIAVELEIPFVLMRKADKNAGLLIRSEPYEKEYKEAAPEVMTIRYGSIGKGSRVVLIDDVLATGGTALSGLQLVEASDAVVVEMVSILSIPFLKAAEKIHSTANSRYKDIKFISLLSDDALTEENCGDSKNYTGPRVLSCGDVLAEHPH
Q9GPZ4_0_apo,MSRNPSNSDAAHAFWSTQPVPQTEDETEKIVFAGPMDEPKTVADIPEEPYPIASTFEWWTPNMEAADDIHAIYELLRDNYVEDDDSMFRFNYSEEFLQWALCPPNYIPDWHVAVRRKADKKLLAFIAGVPVTLRMGTPKYMKVKAQEKGEGEEAAKYDEPRHICEINFLCVHKQLREKRLAPILIKEATRRVNRTNVWQAVYTAGVLLPTPYASGQYFHRSLNPEKLVEIRFSGIPAQYQKFQNPMAMLKRNYQLPSAPKNSGLREMKPSDVPQVRRILMNYLDSFDVGPVFSDAEISHYLLPRDGVVFTYVVENVKKVTDFFSFYRIPSTVIGNSNYNLLNAAYVHYYAATSIPLHQLILDLLIVAHSRGFDVCNMVEILDNRSFVEQLKFGPGDGHLRYYFYNWAYPKIKPSQVALVML
E9AC52_0_apo,MDERQLELQRRIYAQIQQQQIDENLANALEYTPEAFAKVTMLYVPCTINQVLVKAFVDSGAQNSIMNKRTAERCGLMRLVDVRMRGVAVGVGRQEICGRIHMTPVNLAGMYIPFAFYVIEDQAMDLIIGLDQLKRHQMMIDLKHNCLTIDNINVPFLPENDLPALAALGDDENAMHAPRHQDPATTATTASNPAAPVLSEGERQARIEGFMTVSGITDPTQAAELLEAADWNPNVAAALLFDT
Q6S996_0_apo,MHSAVFSPDAPYCGAAGSNHLCEAVALCQSILARYRRTGTSFSSTELKAIQALRTEFPDTAQEPAANSAASPDQTTKDFLSILDDATDVPHNPQNDIVAFVEECCDNTKEPTVLFAAINERISAVTCSRNVRTYMVIANDNLLWDPVNGVAALIDDVTPLGKCAQARNMLTIANTLYIPLWFRSELVGCVEVPGACIPRDKATCAQLLLRCVTVAVRNSINISIRKREANKIEAMVGMATRLARDTLEESVLVQSIINTAKTLTESDRCSIFLVKADGSLEAHFEDGNVVVLPAGTGIAGHVAESGAVVNIPNAYEDDRFHRSVDKVTGYHTRTILCLPIAFEGTIVAVAQLINKLDMVTQSGQRLPRVFGRRDEELFETFSMFAAASLRNCRINETLLKEKKKSDAILDVVALLSNTDIRDVDSIVRHVLHGAKKLLNADRSSMFLLDKERNELYSKMADSANEIRFPCGQGIAGTVAESGVGENIMDAYADSRFNSAVDRQLGYRTQSILCEPITLNGEVLAVVQLVNKLGDDGSVTCFTPMDRETFQVFSLFAGISINNSHLLEFAVNAGREAMTLSLQRNSITAQRAPKSVKVIAVTPEEREAVMSIDFGGAYDFTSPGFNLFEVREKYSEPMDAAAGVVYNLLWNSGLPEKFGCREQTLLNFILQCRRRYRRVPYHNFYHVVDVCQTLHTYLYTGKASELLTELECYVLLVTALVHDLDHMGVNNSFYLKTDSPLGILSSASGNNSVLEVHHCSLAIEILSDPAADVFEGLSGQDVAYAYRALIDCVLATDMAKHADALSRFTELATSGFEKDNDTHRRLVMETLIKAGDVSNVTKPFETSRMWAMAVTEEFYRQGDMEKEKGVEVLPMFDRSKNNELARGQIGFIDFVAGKFFRDIVGNLFHGMQWCVDTVNSNRAKWQEILDGRRDSIRSSIV
P90551_0_apo,MSTKQHSAKDELLYLNKAVVFGSGAFGTALAMVLSKKCREVCVWHMNEEEVRLVNEKRENVLFLKGVQLASNITFTSDVEKAYNGAEIILFVIPTQFLRGFFEKSGGNLIAYAKEKQVPVLVCTKGIERSTLKFPAEIIGEFLPSPLLSVLAGPSFAIEVATGVFTCVSIASADINVARRLQRIMSTGDRSFVCWATTDTVGCEVASAVKNVLAIGSGVANGLGMGLNARAALIMRGLLEIRDLTAALGGDGSAVFGLAGLGDLQLTCSSELSRNFTVGKKLGKGLPIEEIQRTSKAVAEGVATADPLMRLAKQLKVKMPLCHQIYEIVYKKKNPRDALADLLSCGLQDEGLPPLFKRSASTPSKL
A0A640KA13_0_apo,MSTKQHSAKDELLYLNKAVVFGSGAFGTALAMVLSKKCREVCVWHMNEEEVRLVNEKRENVLFLKGVQLASNITFTSDVEKAYNGAEIILFVIPTQFLRGFFEKSGGNLIAYAKEKQVPVLVCTKGIERSTLKFPAEIIGEFLPSPLLSVLAGPSFAIEVATGVFTCVSIASADINVARRLQRIMSTGDRSFVCWATTDTVGCEVASAVKNVLAIGSGVANGLGMGLNARAALIMRGLLEIRDLTAALGGDGSAVFGLAGLGDLQLTCSSELSRNFTVGKKLGKGLPIEEIQRTSKAVAEGVATADPLMRLAKQLKVKMPLCHQIYEIVYKKKNPRDALADLLSCGLQDEGLPPLFKRSASTPSKL
Q4QBH1_0_apo,MSRTSVPPKVGQRPGIGVEKTTNPKVFFDISIDNKAAGRIVMELYADTVPKTAENFRALCTGEKGKGRSGKPLHYKSSVFHRVIPNFMIQGGDFTRGNGTGGESIYGTTFRDESFSGKAGRHTGLGCLSMANAGPNTNGSQFFICTAATPWLDGKHVVFGRVIDGLDVVKKVERLGSSSGKTRSRIVVSDCGEVAADKSKGQRPPQQQHQPAKASADMKRAADKKAVAEKLLASSPAAEGQKALSAKKETPPQVAAPSEAKKRMRAVDEEETRLARLREKKAKLAALRSSAAGNE
Q4Q7M2_0_apo,MPSKEASSRNLPISGRDTNGKTYRSTDEMWKAELTGDLYDPEKGWYGKALEYWRTVPATVSGVLGGMDHVHDVDIEGSRNFIASLPGHGTSRALDCGAGIGRITKNLLTKLYATTDLLEPVKHMLEEAKRELAGMPVGKFILASMETATLPPNTYDLIVIQWTAIYLTDADFVKFFKHCQQALTPNGYIFFKENCSTGDRFLVDKEDSSLTRSDIHYKRLFNESGVRVVKEAFQEEWPTDLFPLKMYALK
Q71PB4_0_apo,MSTQAAMTTTERWQKIQGRAPDPIFELAKRAAAAKGPKANLVIGAYRDEQGLPYPLRVVRKAEQLLLDMNLNYEYLPISGYQPFIDEAVKMTYGDTVELENLVAVQTLSGTGALSLGAKLLTHVFDAEKTPIYLADPTWPNHYSIVKAAGWKDIRTYAYYDHKTLGLDFEGMKKDILAAPDGSVFLLHQCAHNPTGVDPSQEQWNEIASLMLAKHHQVFFDSAYQGYASGSLDTDAYAARLFARRGIEVLLAQSFSKNMGLYSERAGTLSLLLKDKTKRADVKSVMDSLIRAEYTCPPAHGARLAHLILSNNELRKEWEAELSAMAERIRTMRRTVYDELLRLQTPGRWEHVINQIGMFSFLGLSKEQCEYCQNHNIFITLSGRANIAGLTHETALMLAQTINDAVRNVNRE
A0A5K1UY34_0_apo,MTIDTQAAPAAQTLKAGNSTGSLTEERREVEQQRAAENTSFRRIASSKHAQRTLQPLNNLTDNMKPSRSTKSNLRLSIGDPTVDGNLKTPDIVTEAMVDVVRSGKFNGYPPTVGADNLRQVVSTYWRRFCQTKSRQEALKWENVIITSGVSQAIVLALTALCNEGDNILVCAPSFPHYKSVCDSYGIECRYYYLDPSKSWECDLRAAAGMVDSHTKAFVIINPSNPCGSNFSRAHVSDIIDFCQQHQIPLISDEIYAEMVLNNGIFTSVADFDTNVPRLILGGTAKYQVCPGWRVGWSILIDPMNVAGDWAVGMERLTQLIAGVNSICQEAIARTLLKCPTECTEHIVTQLEAGAKVYARLLEHDIGISMEAPQASMFVMLKLNLSYFQDLKSDMEFYEKLLDEENVQVLPGEIFGMSGFLRATVSRPSAVLNEAVDRIIEFCERHKK
Q3T1U8_0_apo,MSVSRFRHSTGHVAKPQRHLLNVTSSTALWDGSNTISCNDKFVAVPWQTFGGTAVFRHDTFGRLAPNPPLVLGQKGQIIDVKFDPFNNQNLFTASEDGSIFGWGIPTEGLQSNISSPLVELKGHNKKCGIISFHSSANGVLASAGVDRVINVWDVERGTAVNTISNLSDYATGLEWNLRGSLFCVASRDKTLRVIDPRDCTVVSSVESHASARSQRCIWCKRKDTIMTLGCSKSQQRQIKLWDMRKMESPYSVTELDQSSAAFIPMYDEDLNLLILGSKGENNLKCFELMSEGLTFSYEVNSSDPVKGLCMMPKWSLDVKKCEFDCLYQLTYHSLFIIEMLLPRKQSCTEFQGDVFPSTFADHSAMSTGEFFSGANADPREYDLSGLFDGHSPRLMGESMPSPQKIPVGSQAAKPLKEAPKGETVPGRENSSVSVPESSEATSGQRDSRTAKHADPWVDMTQQEIFDKQRRLQELSEKVRTCHQEISALRKALQEKEAEMLQVLEDIQTI
A4I3S4_0_apo,MPKRVALGCDHAAYATHQEIMDMVNASGAASKVMYMGPSSDTSVDYPDYAAQVCEAILKGEADTGILVCGTGIGMSIAANKFRGIRAALCYDHVTAQLSRQHNNAHILCIGVRTSGMEVIRDIIETFLTTEPLAEGRHGNRVDKITVIEEEQMKDEQRWCFSGCGGLKEEGK
Q4QG08_0_apo,MAYPYNAYLGYTQPPTQYGQPPVVAGAHGHLPVTTPLPYNAQSAYGGAQPPMPTSTGVYAPSARHMNDNQELMEWFRAVDTDGSGAISVPELNAALSSAGVPFSLATTEKLLHMYDKNHSGEITFDEFKDLHHFILSMREGFRKRDSSGDGRLDSNEVRAALLSSGYQVSEQTFQALMRKFDRQRRGSLGFDDYVELSIFVCRVRNVFAFYDRERTGQVTFTFDTFIGGSVSIL
A0A640KMP8_0_apo,MSATEYATHIRLRFSQREMQYLAAYALVALSGKTPSKADVQAVLKAAGVAVDSSRVDALMQELEGKSFDTLVAEGRTKLVGSGSAAPAASAPAAGAAAAAAPVAKEEPEEEADDDMGFGLFD
O43940_0_apo,MQYLAAYALVALSGKTPSKAAVEAVLKAAGVAVDASRVDAVFQELEGKSFDALVAEGRAKLVGSGSAAPAAAASTAAAAAAVVAEAKKEEPEEEADDDMGFGLFD
E9AGM1_0_apo,MSTKYLAAYALASLSKASPSQADVEAICKAVHVDVDQATLAFVMESVTGRDVATLIAEGAAKMSAMPAASSGAAAGVAASAAGDAAPAAAATKKDEPEEEADDDMGFGLFD
P42861_0_apo,MSDYFSKLKEHVVESTEINGCTPSIATATFNAPYEVARKTKMLGVTDSSLLNLPAWKRLQSLYEKYGNDSILSHFEKDHQRFQRYSIEIDLHSDDNFLFLDYSKSHINDEIKDALVALAEERGVRAFAKAMFDGQRVNSTENRAVLHVALRNRSNRPIIVDGKDVMSDVNNVLAQMKDFTERVRSGEWKGQTGKSIYNIVNIGIGGSDLGPVMVTEALKPFSKRDLHCFFVSNVDGTHMAEVLKQVNLEETIFIIASKTFTTQETLTNAMSARNALMSYLKENGISTDGAVAKHFVALSTNTEKVREFGIDTVNMFAFWDWVGGRYSVWSAIGLSVMLSIGYDNFVEFLTGAHVMDNHFASTPTEQNLPMMLALVGIWYNNFFGSETQAVLPYDQYLWRLPAYLQQLDMESNGKGVTKKSGAVAVQTGPIVFGEAGTNGQHAFYQLIHQGTKIIPCDFIGCVQTQNRVGDHHRTLMSNFFAQTEALMVGKNAEEVRQELVKSGMSGDAIENMIPHKTFTGSRPSNSILVNALTPRALGAIIAMYEHKVLVQGAIWGINSYDQWGVELGKVLAKSILPQLKSGNIVSDHDGSTNGLINMFNTRAHL
E9ACI8_0_apo,MSAETLACTYAALMLSDAGLPTSAENIAAAVKAAGVEMRPTLPIIFARFLEKKSVETLMAAAAAQAPTAASAPSPAAGAASAAAAGGKVEDKKKDEPEEEGDDDMGFGLFD
A4H3L0_0_apo,MTTETLACTYAALMLSDAGLPTSAENIAAAVKAAGVSVRPTMPIIFARFLEKKSVEALMAAAATQAPTATSAAAAPAAGEASGKAEEKKEEPEEEGDDDMGFGLFD
Q66VD2_0_apo,MQYLAAYALVALSGKTPSKAAVEAVLKAAGVAVDASRVDAVFQELEGKSFDALVAEGRAKLVGSGSAAPAAAASTAAAAAAVVAEAKKEEPEEEADDDMGFGLFD
A0A5K1VDD7_0_apo,MSTKYLAAYALASLSKASPSQADVEAICKAVHVDVDQATLAFVMESVTGRDVATLIAEGAAKMSAMPAASSGAAAGVAASAAGDAAPAAAATKKDEPEEEADDDMGFGLFD
A4I600_0_apo,MQYLAAYALVALSGKTPSKAAVEAVLKAAGVAVDASRVDAVFQELEGKSFDALVAEGRTKLVGSGSAAPAAAASTAAAAAAVVAEAKKEEPEEEADDDMGFGLFD
E9AJS6_0_apo,MLSDAGLPTSAENIAAAVKAAGVEMRPTLPIIFARFLEKKSVETLMAAAAAQAPTATSAPSPAAGAASAAAAGGKVEDKKDEPEEEGDDDMGFGLFD
E9B1E6_0_apo,MISATEYATRHPLRFSQREMQYLAAYALVALSGKTPSKADVQAVLKAAGAPVDDSRVDAVFQELEGKDLNGLMTEGRTKLVGAGSAAPAAAASTAGAAAAPVAETKKEEPEEEADDDMGFGLFD
A0A5K1V859_0_apo,MQYLAAYALVALSGKTPSKAAVEAVLKAAGVAVDASRVDAVFQELEGKSFDALVAEGRTKLVGSGSAAPAAAASTAAAAAAVVAEAKKEEPEEEADDDMGFGLFD
A0A5K1U2D9_0_apo,MSAETLACTYAALMLSDAGLPTSAENIAAAVKAAGVEMRPTLPIIFARFLEKKSVETLMAAAAAQAPTAASAPSPAAGAASAAAAGGKVEDKKKDEPEEEGDDDMGFGLFD
A0A640KCC9_0_apo,MRPSPTRHGTARWLPVRPVLTAAHPTHILTGVLLPPVKAYVLTLLCVCVCDLAMSTAQLACTYAALILSASGKTDAESICAVTKAAGVEVSHGMAAAFAHALASVNVNEVLSSISFGGAAASGAAAPAAAAAGGAAPAAAAAKEEPEEEADDDMGFGLFD
A0A451EJP5_0_apo,MSAETLACTYAALMLSDAGLPTSAENIAAAVKAAGVEVRPTLPIIFARFLEKKSVETLMAAAAAQAPTAASAPSPAAGAASAAAAGGKVEDKKKDEPEEEGDDDMGFGLFD
Q4QH18_0_apo,MTVIKGDELREKGYGGIYAVGKCAQYPAHLVTLRYRNPNAAEGAKNIAMVGKGIVYDCGGLALKPAAHMTNMKTDMGGSAGVFCAFIAVVRSMKMQRTHFSHIANISVTLCLAENAIGPHSYRNDDVVVMKSGKSVEVMNTDAEGRIVLGDGVYYATGEQDFVPDVLIDMATLTGAQGVATGSKHAGVYASDAEAEKDMISAGLQSGDLCYPVLYCPEYHEEVYKSPCADMRNIANSSSSAGSSCGGYFVEQHLSERFRGPFVHVDMAYPTSNTAGATGYGVTLVFEFLRQH
E9AQB1_0_apo,MSTKYLAAYALASLSKASPSQADVEAICKAVHIDVDQATLAFVMESVTGRDVATLIAEGAAKMSAMPAASSGAAAGATASAAGDAAPTAAAAKKDEPEEEADDDMGFGLFD
E9BCF8_0_apo,MSTKYLAAYALASLSKASPSQADVEAICKAVHVDVDQATLAFVMESVTGRDVAALIAEGAAKMSAMPAASSGAAAGVAASAAGDAAPAAAATKKDEPEEEADDDMGFGLFD
A0A5K1UDB7_0_apo,MPKRVALGCDHAAYATHQEIMDMVNASGAASKVMYMGPSSDTSVDYPDYAAQVCEAILKGEADTGILVCGTGIGMSIAANKFRGIRAALCYDHVTAQLSRQHNNAHILCIGVRTSGMEVIRDIIETFLTTEPLAEGRHGNRVDKITVIEEEQMKDEQRWCFSGCGGLKEEGK
A0A3Q8ICC2_0_apo,MSTKYLAAYALASLSKASPSQADVEAICKAVHVDVDQATLAFVMESVTGRDVAALIAEGAAKMSAMPAASSGAAAGVAASAAGDAAPAAAATKKDEPEEEADDDMGFGLFD
A4H884_0_apo,MSTKYLAAYALASLSKASPSQADVEAICRAVHIDVEKDTLSFVMESVAGRDMATLMAEGAAKMSAMPAAGSGAAAGGAAPAAGAAAPAAAAAKKEEEPEEEADDDMGFGLFD
A4HRV4_0_apo,MSAETLACTYAALMLSDAGLPTSAENIAAAVKAAGVEMRPTLPIIFARFLEKKSVETLMAAAAAQAPTAASAPSPAAGAASAAAAGGKVEDKKKDEPEEEGDDDMGFGLFD
A0A3P3Z2A2_0_apo,MSTKYLAAYALASLSKASPSQADVEAICRAVHIDVEKDTLSFVMESVAGRDMATLMAEGAAKMSAMPAAGSGAAAGGAAPAAGAAAPAAAAAKKEEEPEEEADDDMGFGLFD
A0A1E1J9I6_0_apo,MSTETLACTYAALMLSDAGLPTSAENIAAAVKAAGVSVRPTMPIIFARFLEKKSVEALMAAAATQAPTATSAAAAPAAGEASGKAEEKKKEEPEEEGDDDMGFGLFD
O46313_0_apo,MTTETLACTYAALMLSDAGLPTSAENIAAAVKAAGVSVRPTMPIIFARFLEKKSVEALMAAAATQAPTATSAAAAPAAGEASGKAEEKKKEEPEEEGDDDMGFGLFD
Q8I867_0_apo,MSAETLACTYAALMLSDAGLPTSAENIAAAVKAAGVEMRPTLPIIFARFLEKKSVETLMAAAAAQAPTAAXAPSPAAGAASAAXXGGKVEDKKKDEPEEEGDDDMGFGLFD
A0A3Q8IG52_0_apo,MQYLAAYALVALSGKTPSKAAVEAVLKAAGVAVDASRVDAVFQELEGKSFDALVAEGRTKLVGSGSAAPAAAASTAAAAAAVVAEAKKEEPEEEADDDMGFGLFD
G0WK32_0_apo,MSAETLACTYAALMLSDAGLPTSAENIAAAVKAAGVEMRPTLPIIFARFLEKKSVETLMAAAAAQAPTAASAPSPAAGAASAAAAGGKVEDKKKDEPEEEGDDDMGFGLFD
E9B7R0_0_apo,MSAETLACTYAALMLSDAGLPTSAENIAAAVKAAGVEMRPTLPIIFARFLEKKSVETLMAAAAAQAPTAASAPSPAAGAASAAAAGGKVEDKKKDEPEEEGDDDMGFGLFD
A0A640K8C1_0_apo,MSAETLACTYAALMLSDAGLPTSAENIAAAVKAAGVEMRPTLPIIFARFLEKKSVESLMAAAAAQAPTAASAPAPAGGAASAAAAGGKAEDKKKEEPEEEGDDDMGFGLFD
A0A088RNL2_0_apo,MSTKYLAAYALASLSKASPSQADVEAICRAVHIDVEKDTLSFVMESVAGRDMAALMAEGAAKMSAMPAAGSGAAAGGAAPAAGAAAPAAAAAKKEEPEEEADDDMGFGLFD
A0A3P3YX05_0_apo,MTTETLACTYAALMLSDAGLPTSAENIAAAVKAAGVSVRPTMPIIFARFLEKKSVEALMAAAATQAPTATSAAAAPAAGEASGKAEEKKKEEPEEEGDDDMGFGLFD
A4H3L1_0_apo,MTTETLACTYAALMLSDAGLPTSAENIAAAVKAAGVSVRPTMPIIFARFLEKKSVEALMAAAATQAPTATSAAAAPAAGEASGKAEEKKKEEPEEEGDDDMGFGLFD
Q06382_0_apo,MSTKYLAAYALASLSKASPSQADVEAICKAVHIDVDQATLAFVMESVTGRDVATLIAEGAAKMSAMPAASSGAAAGVTASAAGDAAPAAAAAKKDEPEEEADDDMGFGLFD
A0A640KDZ6_0_apo,MSTKYLAAYALASLSKASPSEADVEAICKAVNIDIDKATLAFVMESIAGRDVATLIAEGAAKMSAMPAASSGAAAGVTAAPAGSAAPAAAAKKEEPEEEADDDMGFGLFD
E9BMC1_0_apo,MQYLAAYALVALSGKTPSKAAVEAVLKAAGVAVDASRVDAVFQELEGKSFDALVAEGRTKLVGSGSAAPAAAASTAAAAAAVVAEAKKEEPEEEADDDMGFGLFD
E9AJS7_0_apo,MSAETLACTYAALMLSDAGLPTSAENIAAAVKAAGVEMRPTLPIIFARFLEKKSVETLMAAAAAQAPTATSAPSPAAGAASAAAAGGKVEDKKDEPEEEGDDDMGFGLFD
A0A640KTX7_0_apo,MSGRVVSLSPNGSPTTLSFMISAYSPFPSLFLFPFALMLSTSPNLFASSRAKGVAKMQYLAAYALVALSGKTPSKADVQAVLKAAGVAVDSSRVDALMQELEGKSFDTLVAEGRTKLVGSGSAVPAASAPAAGAAAAAAPVAKEEPEEEADDDMGFGLFD
A0A381M9C4_0_apo,MSAETLACTYAALMLSDAGLPTSAENIAAAVKAAGVEMRPTLPIIFARFLEKKSVETLMAAAAAQAPTAASAPSPAAGAASAAAAGGKVEDKKDEPEEEGDDDMGFGLFD
Q4QF62_0_apo,MSTKYLAAYALASLSKASPSQADVEAICKAVHIDVDQATLAFVMESVTGRDVATLIAEGAAKMSAMPAASSGAAAGVTASAAGDAAPAAAAAKKDEPEEEADDDMGFGLFD
E9BCF7_0_apo,MSTKYLAAYALASLSKASPSQADVEAICKAVHVDVDQATLAFVMESVTGRDVATLIAEGAAKMSAMPAASSGAAAGVAASAAGDAAPAAAATKKDEPEEEADDDMGFGLFD
A0A5K1UM66_0_apo,MQYLAAYALVALSGKTPSKAAVEAVLKAAGVAVDASRVDAVFQELEGKSFDALVAEGRAKLVGSGSAAPAAAASTAAAAAAVVAEAKKEEPEEEADDDMGFGLFD
Q4QH86_0_apo,MKQVKAAFEANKRVYESVLLTFKGVDGYDVYNCSVPFSYKGKTHIYGRVEKRDIWAASHVRLFEETGKDEFTAVPELSWELEDPYIAKINNEMIFGGTRVRKNGNAILSYYGYFYRGTPDELTYFTRGPGCMKDIRVLQLQDGRLGVFSRPRVGRKASIGFVILNSIDELGAEVIAKAPPLDILSENAWGGVNQAYLLSSGKVGCIGHYSYEDTNEKQQPQSVYVNYAFVLDPQSRAITGAKIIGTKSCYPPCEPKVPLLADCVFASGIVMRSDGKVDLYSGVGDSHEGRITIDYPFKGHGTIIGDLHFPMASSL
Q95U89_0_apo,MLRRLPTSCFLKRSQFRGFAATSPLLNLDYQMYRTATVREAAPQFSGQAVVNGAIKDINMNDYKGKYIVLFFYPMDFTFVCPTEIIAFSDRHADFEKLNTQVVAVSCDSVYSHLAWVNTPRKKGGLGEMHIPVLADKSMEIARDYGVLIEESGIALRGLFIIDKKGILRHSTINDLPVGRNVDEALRVLEAFQYADENGDAIPCGWKPGQPTLDTTKAGEFFEKNM
A0A640KXA1_0_apo,MSALLLKPHKDLPRRTVLIVVMDGLGIGPEDDYDAVHMASTPFMDAHRRDNRHFRCVRAHGTAVGLPTDADMGNSEVGHNALGAGRVALQGASLVDDAIKSGEIYTGEGYRYLHGAFSKEGSTLHLIGLLSDGGVHSRDNQIYSIIEHAVKDGAKRIRVHALYDGRDVPDGSSFRFTDELEAVLAKVRQNGCDAAIASGGGRMFVTMDRYDADWSIVERGWRAQVLGDARHFHSAKEAITTFREEDPKVTDQYYPPFIVVDEQDKPLGTIEDGDAVLCVNFRGDRVIEMTRAFEDEDFNKFDRVRVPKVRYAGMMRYDGDLGIPNNFLVPPPKLTRVSEEYLCGSGLNIFACSETQKFGHVTYFWNGNRSGKIDEKHETFKEVPSDRVQFNEKPRMQSAAITEAAIEALKSGMYNVVRINFPNGDMVGHTGDLKATITGVEAVDESLAKLKDAVDSVNGVYIVTADHGNSDDMAQRDKKGKPMKDGNGNVLPLTSHTLSPVPVFIGGAGLDPRVAMRTDLPAAGLANVTATFINLLGFEAPEDYEPSLIYVEK
P08148_0_apo,MSVDSSSTHRRRCVAARLVRLAAAGAAVTVAVGTAAAWAHAGALQHRCVHDAMQARVRQSVADHHKAPGAVSAVGLPYVTLDAAHTAAAADPRPGSARSVVRDVNWGALRIAVSTEDLTDPAYHCARVGQHVKDHAGAIVTCTAEDILTNEKRDILVKHLIPQAVQLHTERLKVQQVQGKWKVTDMVGDICGDFKVPQAHITEGFSNTDFVMYVASVPSEEGVLAWATTCQTFSDGHPAVGVINIPAANIASRYDQLVTRVVTHEMAHALGFSGPFFEDARIVANVPNVRGKNFDVPVINSSTAVAKAREQYGCDTLEYLEVEDQGGAGSAGSHIKMRNAQDELMAPAAAAGYYTALTMAIFQDLGFYQADFSKAEVMPWGQNAGCAFLTNKCMEQSVTQWPAMFCNESEDAIRCPTSRLSLGACGVTRHPGLPPYWQYFTDPSLAGVSAFMDYCPVVVPYSDGSCTQRASEAHASLLPFNVFSDAARCIDGAFRPKATDGIVKSYAGLCANVQCDTATRTYSVQVHGSNDYTNCTPGLRVELSTVSNAFEGGGYITCPPYVEVCQGNVQAAKDGGNTAAGRRGPRAAATALLVAALLAVAL
B5TV91_0_apo,MLEAQVQFASLWKRLVECINGLVNEANFDCNPGGLSVQAMDSSHVALVHMLLRDDCFVKYQCGRNSILGLNLASLSKVLKIVDSNDSLSLRHDDDSDVVTLTSENPEKTRKCEYQLKLLEIEAESMGIPEMDYRSTVTLNSAEFAKIVRDMQVFGDTVTIAISKEGVKFSSSGDVGQGYTFLQAAGVSDRSTKSEVKAEVKAEARDDDEEPLSRKYGKADSSANAIGVEVTMEEPITLSFALRFMGIFAKGSTLSERVTLKFAKDSPCMVEYGIDNVGYLRYYLAPKVDDAE
E9ADW8_0_apo,MTDFPKLNRIKSDDENMEKIHVAARKGQTDEVRRLIETGVSPTIQNRFGCTALHLACKFGCVDTAKYLASVGEVHSLWHGQKPIHLAVMANKTDLVVALVEGAKERGQMPESLLNECDEREVNEIGSHVKHCKGQTALHWCVGLGPEYLEMIKILVQLGASPTAKDKADETPLMRAMEFRNREALDLMMDTVPSKSSLRLDYANKQGNSHLHWAILINWEDVAMRFVEMGIDVNMEDNEHTVPLYLSVRAAMVLLTKELLQKTDVFLIQACPYHNGTTVLPDRVVWLDFVPAAADPSKQEVLQLLQEKLDEVVRSLNTGAGGAVKRKKKAAPAVKRMKLAPSAPVRTRSRSRARSSAVSK
Q86N96_0_apo,MSALLLKPHKDLPRRTVLIVVMDGLGIGPEDDYDAVHMASTPFMDAHRRDNRHFRCVRAHGTAVGLPTDADMGNSEVGHNALGAGRVALQGASLVDDAIKSGEIYTGEGYRYLHGAFSKEGSTLHLIGLLSDGGVHSRDNQIYSIIEHAVKDGAKRIRVHALYDGRDVPDGSSFRFTDELEAVLAKVRQNGCDAAIASGGGRMFVTMDRYDADWSIVERGWRAQVLGDARHFHSAKEAITTFREEDPKVTDQYYPPFIVVDEQDKPLGTIEDGDAVLCVNFRGDRVIEMTRAFEDEDFNKFDRVRVPKVRYAGMMRYDGDLGIPNNFLVPPPKLTRVSEEYLCGSGLNIFACSETQKFGHVTYFWNGNRSGKIDEKHETFKEVPSDRVQFNEKPRMQSAAITEAAIEALKSGMYNVVRINFPNGDMVGHTGDLKATITGVEAVDESLAKLKDAVDSVNGVYIVTADHGNSDDMAQRDKKGKPMKDGNGNVLPLTSHTLSPVPVFIGGAGLDPRVAMRTDLPAAGLANVTATFINLLGFEAPEDYEPSLIYVEK
Q6S006_0_apo,MSVDSTSTHRRRCVAARLVRLAAAGAAVTVAVGTAAAWAHAGALQHRCVHDAMQARVRQSVADHHKAPGAVSAVGLPYVTLDAAHTAAAADPRPGSARSVVRDVNWGALRIAVSTEDLTDPAYHCARVGQHVKDHAGAIVTCTAEDILTNEKRDILVKHLIPQAVQLHTER
Q9U9R3_0_apo,MRFVAVLAVVLCALSFLNVAAEPEVTAKVYFDVMIDSEPLGRITIGLFGKDAPLTTENFRQLCTGEHGFGYKDSIFHRVIQNFMIQGGDFTNFDGTGGKSIYGEKFADENLNVKHFVGALSMANAGPNTNGSQFFITTAPTPWLDGRHVVFGKVLDGMDVVLRIEKTKTNSHDRPVKPVKIVASGEL
E9BT55_0_apo,MAAAVQEAAAPVAHQPQMDKPMQIASIYVGDLDAAINEPQLVELFKPFGTILNVRVCRDIITQRSLGYGYVNFDNHDSAEKAIESMNFKRVGDKCVRLMWQQRDPALRYSGNGNVFVKNLEKDVDSKSLHDIFTKFGSILSCKVMQDEEGKSRGYGFVHFKDETSAKDAIVKMNGAADHASEDKKALYVANFIRRNARLAALVANFTNVYIKQVLPTVNKEVIEKFFAKFGGITSAAACKDKSGRVFAFCNFEKHDDAVKAVEAMHDHHIDGITAPGEKLYVQRAQPRSERLIALRQKYMQHQSLGNNLYVRNFDPEFTGADLLELFKEYGEVKSCRVMVSESGASRGFGFVSFSNADEANAALREMNGRMLNGKPLIVNIAQRRDQRYTMLRLQFQQRLQMMMRQMHQPMPFVGGQGRPMRGRGGRQQLGGRAQGHPMPMPSPQQPQAPAQPQGFATPSAVGFVQATPKHSPGDVPETPPLPPITPQELESMSPQEQRAALGDRLFLKVYEIAPELAPKITGMFLEMKPKEAYELLNDQKRLEERVTEALCVLKAHQTA
I2APN2_0_apo,MSAKPQPIVAANWKCNGTTASIEKLVQVLNEHQIDHDVQCVVAPSFVHIPMVQAKLCNPKYAVSAENAIAKSGAFTGEVSMPILKDLGVSWVILGHSERRTYYGETDGVVAQKVADAYNQGFMVIACIGETLQQREANQTAKVVLSQTAAIAAKLPKEAWSQIVLAYEPVWAIGTGKVATPEQAQEVHALLRQWVSEKIGNGVATKLRILYGGSVTAGNAKTLYMKPDINGFLVGGASLKPEFRDIIDATR
O09489_0_apo,MSKLGGHPSRPDHPAVLVLPDDPRSMDGHLICSLLEVKEAHGLAQDEVDRRLHEFGKNGFPTGSSTPFWKLVVGQFEDTLVRILLLAAFVSFCLAVLENNVMDLVEPFIILLILTLNAIVGVWQEDRAEKAIDALKTSFLKQLLLFVRVCRWQENLVPGDIVEVAVGDRVAADVRLLTLESTTLRVDQSILNGESVEAMKQVESVRGNRERFPSSMVYRGTAVVYGKARGVVVRTGTSTEMGFIERDVREQEETKTPLQLKLDEFGVLLSGVIGYICLFVFVANLLHWFRTHTPTTEESWFERYIQPTVHSLKVAVALAVAAIPEGLPAVVTTCLALGARKMARHNALVRDLPSVETLGRCTVICSDKTGTLTTNMMSVSEVVTMEPSGKAHEYCLHDSRFNVVAASVSHRGTPAGDVLGNDAALDMVATIATLCSDASLIFGTRSAEVEKVGDATEAALLVMSEKLYHSAAWNGVDGARLPADRCRSLKKKLWLKKATLEFTRSRKSMSVCCTSTRHSLFVKGAPEEILKRCTRIMFKDGRISPLTPKMVNTVTANIDRMSGTEEALRCIAFAFRPIPDPKQLDLSDPAKFEAIDSHLTWGGVFGILDPPRREVADAIAKCRTAGIRVIVITGDKKETAEAVCRRIGLMSSEPTKGLSFTGYELDQMTPAQRRAAVSSAVLFSRTDPSHKMQLVNLLQEQKLICAMTGDGVNDSPALKKADIGIAMGSGTEVAKAASKLVLADDNFATVVKAVHEGRTIFNNTKQFIRYLISSNIGEVACVLATDCLACQKHSADQLLWVNLVTDGLPATACWVQTPPIQTLWNRHRGEETSPLSTGWLFFRYMVVGVYVGLATVAGFVWWFLTNGFTMADLVSFTTCTDMSNPKCAVLANPQTARAIALSILVVVEMLNALNALSENQSLVVIRPSTNKWLIAAICSSIALHLTIMYIPFFSRLFGVTPLGVDADVVATANSWDVLLPTDFTDWKTVLVLSIPVIFLDELLKLFSRCSNHHRENHSAEPVVRGLSRIWN
E9BIW4_0_apo,MQRPVIRRLGNRSAFTLVAAVARSSQMRSAVRIPSGSHARVIPSFMCSLRAYSGSHHDEPSSRSGQYLLDKNDVLTRVLEVVKNFEKVDASKVTPESHFVKDLGLNSLDVVEVVFAIEQEFILDIPDHDAEKIQSIPDAVEYIAQNPMAK
A0A640KHZ5_0_apo,MTTSPTAPVALVTGAAKRLGSSIAEALHAEGYTVCLHYHRSAADASTLAATLNARRPNSAITVQADLSNVATASFSETDGSVPVTLFSRCSALVDACYMHWGRCDVLVNNASSFYPTPLLRKDAGEGGSSVGDKESLEVAAADLFGSNAIAPYFLIKAFAQRVADTRAEQRGTSYSIVNMVDAMTSQPLLGYTMYTMAKEALEGLTRSAALELASLQIRVNGVSPGLSVLPDDMPFSVQEDYRRKVPLYQRNSSAEEVSDVVIFLCSPKAKYITGTCIKVDGGYSLTRA
A0A504XEZ1_0_apo,MCSLRAYSGSHHDEPSSRSGQYLLDKNDVLTRVLEVVKNFEKVDASKVTPESHFVKDLGLNSLDVVEVVFAIEQEFILDIPDHDAEKIQSIPDAVEYIAQNPMAK
A4I2L8_0_apo,MQRPVIRRLGNRSAFTLVAAVARSSQMRSAVRVPSGSHARVIPSFMCSLRAYSGSHHDEPSSRSGQYLLDKNDVLTRVLEVVKNFEKVDASKVTPESHFVKDLGLNSLDVVEVVFAIEQEFILDIPDHDAEKIQSIPDAVEYIAQNPMAK
A0A3Q8IGR8_0_apo,MAAAVQEAAAPVAHQPQMDKPMQIASIYVGDLDAAINEPQLVELFKPFGTILNVRVCRDIITQRSLGYGYVNFDNHDSAEKAIESMNFKRVGDKCVRLMWQQRDPALRYSGNGNVFVKNLEKDVDSKSLHDIFTKFGSILSCKVMQDEEGKSRGYGFVHFKDETSAKDAIVKMNGAADHASEDKKALYVANFIRRNARLAALVANFTNVYIKQVLPTVNKEVIEKFFAKFGGITSAAACKDKSGRVFAFCNFEKHDDAVKAVEAMHDHHIDGITAPGEKLYVQRAQPRSERLIALRQKYMQHQSLGNNLYVRNFDPEFTGADLLELFKEYGEVKSCRVMVSESGASRGFGFVSFSNADEANAALREMNGRMLNGKPLIVNIAQRRDQRYTMLRLQFQQRLQMMMRQMHQPMPFVGGQGRPMRGRGGRQQLGGRAQGHPMPMPSPQQPQAPAQPQGFATPSAVGFVQATPKHSPGDVPETPPLPPITPQELESMSPQEQRAALGDRLFLKVYEIAPELAPKITGMFLEMKPKEAYELLNDQKRLEERVTEALCVLKAHQTA
A0A3Q8ICI1_0_apo,MQRPVIRRLGNRSAFTLVAAVARSSQMRSAVRIPSGSHARVIPSFMCSLRAYSGSHHDEPSSRSGQYLLDKNDVLTRVLEVVKNFEKVDASKVTPESHFVKDLGLNSLDVVEVVFAIEQEFILDIPDHDAEKIQSIPDAVEYIAQNPMAK
A0A640KIZ3_0_apo,MQRSLIRRLSSRSAFTLVAAVARPSRIQSVARVGSAYHSCITPSFMHSMRTYSSGQHEEQSSRSGQYLLDKNDVLTRVLEVVKNFEKVDASKVTPESHFVKDLGLNSLDVVEVVFAIEQEFILDIPDHDAEKIQSIPDAVEYIAQNPMAK
A0A640KVJ7_0_apo,MRICYSCVSACVLWHTTTAPPFFLHTVPLPLTHTPGVSTTRFGHSTSFEHFLFFFLISRVNRLLCLPRRQPPTHIHPPTHSFPSVRAPASLSSHAHAHIRLPNKKRKEHEIRIFVSRAFFSFLYHSLDCPQMTAAVQEAAAPAAHQPQAERPMQIASIYVGDLDATINEPQLVELFKSFGTILNVRVCRDIITQRSLGYGYVNFDNHESAEKAIESMNFKRVGDKCVRLMWQQRDPALRYSGNGNVFVKNLEKDVDSKHLHDIFTKFGAILSCKVMEDEEGKSRGYGFVHFKDETSAKDAIVKMNGAADHAAEDKKSLYVANFIRRNARLAALVANFTNVYIKQVLPTVNKDVIEKFFAKFGGITSAAACKDKSGRVFAFCNFEKHDDAVKAVEAMHDHHVEGITAPGEKLYVQRAQPRSERLIALRQKYMQHQSLGNNLYVRNFDPEFTGADLLELFKEYGEVKSCRVMMSESGASRGFGFVSFSNADEANAALREMNGRMLNGKPLIVNIAQRRDQRYTMLRLQFQQRLQMMMRQMHQPMPFVGGQGRPMRGRGGRPQLGGRAQGHPMPMPSPQQPQALVQPQGFATPSAVGFVQATPKHSPGDAPETPPLPPITPQELESMSPQEQRAALGDRLFLKVYEIAPELAPKITGMFLEMKPKEAYELLNDQKRLEERVTEALCVLKAHQTA
A4HSF7_0_apo,MSRAYDLVVLGAGSGGLEAGWNAAVTHKKKVAVVDVQATHGPPLFAALGGTCVNVGCVPKKLMVTGAQYMDLIRESGGFGWEMDRESLCPNWKTLIAAKNKVVNSINESYKSMFADTEGLSFHMGFGALQDAHTVVVRKSEDPHSDVLETLDTEYILIATGSWPTRLGVPGDEFCITSNEAFYLEDAPKRMLCVGGGYIAVEFAGIFNGYKPCGGYVDLCYRGDLILRGFDTEVRKSLTKQLGANGIRVRTNLNPTKITKNEDGSNHVHFNDGTEEDYDQVMLAIGRVPRSQALQLDKAGVRTGKNGAVQVDAYSKTSVDNIYAIGDVTNRVMLTPVAINEGAAFVETVFGGKPRATDHTKVACAVFSIPPIGTCGMTEEEAAKNYETVAVYASSFTPLMHNISGSKHKEFMIRIITNESNGEVLGVHMLGDSAPEIIQSVGICMKMGAKISDFHSTIGVHPTSAEELCSMRTPAYFYESGKRVEKLSSNL
A0A5K1VTP9_0_apo,MQRPVIRRLGNRSAFTLVAAVARSSQMRSAVRVPSGSHARVIPSFMCSLRAYSGSHHDEPSSRSGQYLLDKNDVLTRVLEVVKNFEKVDASKVTPESHFVKDLGLNSLDVVEVVFAIEQEFILDIPDHDAEKIQSIPDAVEYIAQNPMAK
A4I573_0_apo,MNPNATEFMPGRRNGPDGGLEALPTSTADMELAKTPAGAAAAAVHAPSLPGAARRSLQNSPIIQPSRLSAKSASEIEAISKNSALNAAAAAYVPQRTLARVVLTQPSPLALAPSEDPAKDNIEMMLDDLWCLFYLPTTLGENIKEEDYNPTLVFRVDSILTFWRVVNNIAAPSELQLSTLYLFRDGIDPKWEDPANRDGGIVKVKATAAQVDEAWELLLCRTIGDSWSPSVRETVNGVVLKVRERAYWLELWVTKNSSALQKDLAELWHPILGASFATTYLTHAMMQERSHAAAALAAEKQKKNRRRY
A0A504XSF9_0_apo,MPFKEVSPNSFLLDDSHALSQLLKKSYRWYSPVFSPRNVPRFADVSSITESPETLKAIRDFLVQRYRAMSPAPTHILGFDARGFLFGPMIAVELEIPFVLMRKADKNAGLLIRSEPYEKEYKEAAPEVMTIRYGSIGKGSRVVLIDDVLATGGTALSGLQLVEASDAVVVEMVSILSIPFLKAAEKIHSTANSRYKDIKFISLLSDDALTEENCGDSKNYTVDDAAGYDITISGNVKFKRRSQSTKAAVLTARHASKGGLVEVGPHHCVLNPLLVLSKVLVDAAQFTTSVSPPLMRIPRLYDVSSTTESAALFKRRAARPRGLLSRDRDDISENALIKEGEDKLPAERKSMDILSYKRYIKSRMPTPLALPSLLIRAGATVLRDSDPATMPSRITGSIMAMALTTDQTLFILYHSNSYAANPVMLRSSKPMVMRDVFLTRSSAFYPNPLSCLYVTNGTDCVVNCVMAWAVAKPLTEVLGWRHAMAVYVGAGLFSSFAYVFAAQVSRTKTNSPFDCNATSNGAYAGYATLSLMMRGCYIPYLKRVPVMWAGVPYLLKCTYDEYVSPRLVERRRAGDIELRNWGFVGGVFFTLIYSSLFFRTRKDFSLARKFFQNLPSRVAVGK
E9B0H0_0_apo,MNPNATEFMPGRRNGPDGGLEALPTSTADMELAKTPAGAAAAAVHASALPGAARRSLHNSPIIQPSRLNVKSASEIEAISKNSALNAAAAAYVPQRTLARVVLTQPSPLALAPSEDPAKDNIEMMLDDLWCLFYLPTTLGENIKEEDYNPTLVFRVDSIPTFWRVVNNVAAPSELQLSTLYLFRDGIDPKWEDPANRDGGIVKVKATAAQVDEAWELLLCRTIGDSWSPSVRETVNGVVLKVRERAYWLELWVTKNSSALQKDLAELWHPILGASFATTYLTHAMMQERSHAAAALAAEKQKRNRRRY
A0A381MNL7_0_apo,MSTPLDVRAAEYSPSFAVTMKKTAAAAPPRLPAPAKSKISVTRTGVNTTYPMPPPPPPMPEKNYAPFFAAGCQTFAASKAWMPPLQPASPLPPMHSAPPTASVVSNSIPPSSPATAPGERSPAVAARSVPTRFSPATVPRHHMNPNATEFMPGRRNGPDGGLEALPTSTADMELAKTPAGAAAAAVHAPSLPGAARRSLQNSPIIQPSRLSAKSASEIEAISKNSALNAAAAAYVPQRTLARVVLTQPSPLALAPSEDPAKDNIEMMLDDLWCLFYLPTTLGENIKEEDYNPTLVFRVDSILTFWRVVNNIAAPSELQLSTLYLFRDGIDPKWEDPANRDGGIVKVKATAAQVDEAWELLLCRTIGDSWSPSVRETVNGVVLKVRERAYWLELWVTKNSSALQKDLAELWHPILGASFATTYLTHAMMQERSHAAAALAAEKQKKNRRRY
A4IC57_0_apo,MAAAVQEAAAPVAHQPQMDKPMQIASIYVGDLDAAINEPQLVELFKPFGTILNVRVCRDIITQRSLGYGYVNFDNHDSAEKAIESMNFKRVGDKCVRLMWQQRDPALRYSGNGNVFVKNLEKDVDSKSLHDIFTKFGSILSCKVMQDEEGKSRGYGFVHFKDETSAKDAIVKMNGAADHASEDKKALYVANFIRRNARLAALVANFTNVYIKQVLPTVNKEVIEKFFAKFGGITSAAACKDKSGRVFAFCNFEKHDDAVKAVEAMHDHHIDGITAPGEKLYVQRAQPRSERLIALRQKYMQHQSLGNNLYVRNFDPEFTGADLLELFKEYGEVKSCRVMVSESGASRGFGFVSFSNADEANAALREMNGRMLNGKPLIVNIAQRRDQRYTMLRLQFQQRLQMMMRQMHQPMPFVGGQGRPMRGRGGRQQLGGRAQGHPMPMPSPQQPQAPAQPQGFATPSAVGFVQATPKHSPGDVPETPPLPPITPQELESMSPQEQRAALGDRLFLKVYEIAPELAPKITGMFLEMKPKEAYELLNDQKRLEERVTEALCVLKAHQTA
A0A640KHA5_0_apo,MSAKPQPIAAANWKCNGTTASIEKLVQVFNEHTISHDVQCVVAPTFVHIPLVQAKLRNPKYVISAENAIAKSGAFTGEVSMPILKDIGVHWVILGHSERRTYYGETDEIVAQKVSEACKQGFMVIACIGETLQQREANQTAKVVLSQTSAIAAKLTKDAWNQVVLAYEPVWAIGTGKVATPEQAQEVHLLLRKWVSENIGTDVAAKLRILYGGSVNAANAATLYAKPDINGFLVGGASLKPEFRDIIDATR
Q9U1E1_0_apo,MSSERTFIAVKPDGVQRGLVGEIIARFERKGYKLVALKILQPTTEQAQGHYKDLCSKPFFPALVKYFSSGPIVCMVWEGKNVVKSGRVLLGATNPADSQPGTIRGDFAVDVGRNVCHGSDSVESAEREIAFWFKADEIASWTSHSVSQIYE
P48499_0_apo,MSAKPQPIAAANWKCNGTTASIEKLVQVFNEHTISHDVQCVVAPTFVHIPLVQAKLRNPKYVISAENAIAKSGAFTGEVSMPILKDIGVHWVILGHSERRTYYGETDEIVAQKVSEACKQGFMVIACIGETLQQREANQTAKVVLSQTSAIAAKLTKDAWNQVVLAYEPVWAIGTGKVATPEQAQEVHLLLRKWVSENIGTDVAAKLRILYGGSVNAANAATLYAKPDINGFLVGGASLKPEFRDIIDATR
P42556_0_apo,MTTSPTAPVALVTGAAKRLGSSIAEALHAEGYTVCLHYHRSAADASTLAATLNARRPNSAITVQADLSNVATASFSETDGSVPVTLFSRCSALVDACYMHWGRCDVLVNNASSFYPTPLLRKDAGEGGSSVGDKESLEVAAADLFGSNAIAPYFLIKAFAQRVADTRAEQRGTSYSIVNMVDAMTSQPLLGYTMYTMAKEALEGLTRSAALELASLQIRVNGVSPGLSVLPDDMPFSVQEDYRRKVPLYQRNSSAEEVSDVVIFLCSPKAKYITGTCIKVDGGYSLTRA
Q4QFW1_0_apo,MAANCIFCKIIKGDIPCAKVAETSKALAFMDINPLSRGHMLVIPKEHASCLHELGMEDAADVGVLLAKASRAVAGPDGSMQYNVLQNNGSLAHQEVPHVHFHIIPKTDEKTGLKIGWDTVKVASDELAEDAKRYSEAIAKIQ
A0A504X6G0_0_apo,MSTPLDVRAAEYSPSFAVTMKKTAAAAPPRLPAPAKSKISVTRTGTFAASKAWMPPLQPASPLPPMHSAPPTASVVSNSIPPSSPATAPGERSPAVAARSVPTRFSPATVPRHHMNPNATEFMPGRRNGPDGGLEALPTAKSASEIEAISKNSALNAAAAAYVPQRTLARVVLTQPSPLALAPSEDPAKDNIEMMLDDLWCLFYLPTTLGENIKEEDYNPTLVFRVDSILTFWRVVNNIAAPSELQLSTLYLFRDGIDPKWEDPANRDGGIVKVKATAAQVDEAWELLLCRTIGDSWSPSVRETVNGVVLKVRERAYWLELWVTKNSSALQKDLAELWHPILGASFATTYLTHAMMQERSHAAAALAAEKQKKNRRRY
Q9U5N6_0_apo,MSRVTVLQSQLPAYNRLKTPYESELIATVKKLTTPGKGLLAADESIGSCTKRFQPIGLSNTEEHRRQYRALMLEAEGFEQYISGVILHDETVGQKASNGQTFPEYLTARGVVPGIKTDMGLCPLLEGAEGEQMTEGLDGYVKRASAYYKKGCRFCKWRNVYKIQNGTVSESAVRFNAETLARYAILSQMSGLVPIVEPEVMIDGKHDIDTCQRVSEHVWREVVAALQRHGVIWEGCLLKPNMVVPGAESGKTAAPEQVAHYTVMTLARTMPAMLPGVMFLSGGLSEVQASEYLNAINNSPLPRPYFLSFSYARALQSSALKAWGGKESGLAAGRRAFLHRARMNSMAQLGKYKRSDDDASSSSLYVKGNTY
E9BLE0_0_apo,MNPNATEFMPGRRNGPDGGLEALPTSTADMELAKTPAGAAAAAVHAPSLPGAARRSLQNSPIIQPSRLSAKSASEIEAISKNSALNAAAAAYVPQRTLARVVLTQPSPLALAPSEDPAKDNIEMMLDDLWCLFYLPTTLGENIKEEDYNPTLVFRVDSILTFWRVVNNIAAPSELQLSTLYLFRDGIDPKWEDPANRDGGIVKVKATAAQVDEAWELLLCRTIGDSWSPSVRETVNGVVLKVRERAYWLELWVTKNSSALQKDLAELWHPILGASFATTYLTHAMMQERSHAAAALAAEKQKKNRRRY
E9AWJ0_0_apo,MPAPKTIYIAGPAVFHPDNGEAYYNNVRALMKGKDVVPLIPTDNIATGAVNIRNKNIDMIRACDAIIADLSPFRSKEPDCGTAFELGYAAALGKVLLTFSTDTRPMVEKYGSEMADGLSVENFGLPFNLMLHDGTDVFDSFEAAFAYFVEHHLTP
A0A5K1U040_0_apo,MAAAVQEAAAPVAHQPQMDKPMQIASIYVGDLDAAINEPQLVELFKPFGTILNVRVCRDIITQRSLGYGYVNFDNHDSAEKAIESMNFKRVGDKCVRLMWQQRDPALRYSGNGNVFVKNLEKDVDSKSLHDIFTKFGSILSCKVMQDEEGKSRGYGFVHFKDETSAKDAIVKMNGAADHASEDKKALYVANFIRRNARLAALVANFTNVYIKQVLPTVNKEVIEKFFAKFGGITSAAACKDKSGRVFAFCNFEKHDDAVKAVEAMHDHHIDGITAPGEKLYVQRAQPRSERLIALRQKYMQHQSLGNNLYVRNFDPEFTGADLLELFKEYGEVKSCRVMVSESGASRGFGFVSFSNADEANAALREMNGRMLNGKPLIVNIAQRRDQRYTMLRLQFQQRLQMMMRQMHQPMPFVGGQGRPMRGRGGRQQLGGRAQGHPMPMPSPQQPQAPAQPQGFATPSAVGFVQATPKHSPGDVPETPPLPPITPQELESMSPQEQRAALGDRLFLKVYEIAPELAPKITGMFLEMKPKEAYELLNDQKRLEERVTEALCVLKAHQTA
Q4Q3K2_0_apo,MSGTSRRAKGLFTGIAVGTFVSGAMFVSCASARVEEPPFDIRALRADIEDMISEKLELGPSLIRLAWHEAASYDCFKKDGSPNSASMRFKPECLYAGNKGLDIPRKALETLKKKYPQISYADLWVLAAYVAIEYMGGPTIPFCWGRVDAKDGSVCGPDGRLPDGSKTQSHVREVFRRLGFNDQETVALIGAHTCGECHIEFSGYHGPWTHDKNGFDNSFFTQLLDEDWVLNPKVEQMQLMDRATTKLMMLPSDVCLLLDPSYRKYVELYAKDNDRFNKDFANAFKKLTELGTRNLHKAPASES
Q4Q6F6_0_apo,MPAHCPPNIHFLEEVTSTMDVARTMRATAGGKAFAVVAAEQTAGRGTGGRTWTSPKGNLYMTVGVPQLGQPPCLKEELVPVLPLICGLACRRAVLEVLHLDGALAKASVAADAAKAVATKWPNDIIYNHKKIGGTLIESDGDYLIIGIGMNIAVAPQMTDAGREATMINTIAEDFGVKSCPPRDLANAIWCHLFDICSSPEWTRELVIESFDKVMDKSLKLHKRLPGGRDPEELTAVSLNSWGHLKVRHADGTVEDLSAEYLF
Q4QEN5_0_apo,MPPKARAPLPPGDVERGEKLFKGRAAQCHTATKGGSNGVGPNLFGIVNRPSGKVEGFTYSKANAESGVIWTPEVLDVYLENPKKFMPGTKMSFAGIKKPQERADVIAYLETLK
A0A3P3Z765_0_apo,MLRRLATKCFQRNVQCRGFAATSPVLNMDYQMYRTATVRDPAPQFSGKAVVDGAIKEINSNDYKGKYIVLFFYPMDFTFVCPTEIIAFSDRYLEFEKLNTQVIAVSCDSEYSHLAWVNTPRKKGGLGEMKIPVLADKSMEIARDYGVLIESAGIALRGLFVIDKKGTLRHSTINDLPVGRNVDEVLRVVEAFQYADENGDAIPCGWTPGKPTLDTKKAGEFFEKNM
P84150_0_apo,MGSRISKEAAPVTFKNGKPTVKGTKTYPMFSNILYRIADTEARRWAFYNDSKELIIHVAVLFDYDSQIVPLGDTTAFRIDDPDEGNEDDFGKYLCEVDVRPLETQMFVEGSVTGWRVDTLEARTAEDERGYRL
E9AXF0_0_apo,MSDEDHDFAHQGGGDNASKTYPMAAGALKKGGYVCINGRPCKVIDLSVSKTGKHGHAKVSIVATDIFTGNRLEDQAPSTHNVEVPFVKTFTYSVLDIQPNEDPSLPSHLSLMDDEGESREDLDMPPDAALATQIKEQFDSGKEVLVVVVSAMGTEQVLQTKNAAEK
Q6TUJ5_0_apo,MEHVQQYKFYKEKKMSIVLAPFSGGQPHSGVELGPDYLLKQGLQQDMEKLGWDTRLERVFDGKVVEARKASDNGDRIGRVKRPRLTAECTEKIYKCVRRVAEQGRFPLTIGGDHSIALGTVAGVLSVHPDAGVIWVDAHADINTMSGTVSGNLHGCPLSILLGLDRENIPECFSWVPQVLKPNKIAYIGLRAVDDEEKKILHDLNIAAFSMHHVDRYGIDKVVSMAIEAVSPKGTEPVMVSYDVDTIDPLYVPATGTPVRGGLSFREALFLCERIAECGRLVALDVVECNPLLAATESHVNDTISVGCAIARCMMGETLLYTPHTSSKL
Q4QDU3_0_apo,MENDMKSLSAAAQACVKKMRDAKVNEACIRTFIAQHVMVSKGETGSIPDSAIMPVDSLDALDSLTIECDNAVLQSTVVLKLNGGLGTGMGLCDAKTLLEVKDGKTFLDFTALQVQYLRQHCSEHLRFMLMDSFNTSASTKSFLKARYPWLYQVFDSEVELMQNQVPKILQDTLEPAAWAENPAYEWAPPGHGDIYTALYGSGKLQELVEQGYRYMFVSNGDNLGATIDKRVLAYMEKEKIDFLMEVCRRTESDKKGGHLARQTVYVKGKDGQPDAEKRVLLLRESAQCPKADMESFQDINKYSFFNTNNLWIRLPVLLETMQEHGGTLPLPVIRNEKTVDSSNSASPKVYQLETAMGAAIAMFESASAIVVPRSRFAPVKTCADLLALRSDAYVVTDDFRLVLDDRCHGHPPVVDLDSAHYKMMNGFEKLVQHGVPSLVECKRVTVKGLVQFGAGNVLTGTVTIENTDSASAFVIPDGAKLNDTTASPQQSTNK
O15922_0_apo,MASKRCRQCSGDSASSSTSSLSPSELPPSKKAAGGQRVTAEVEVAPITTDATSATVTAAGGAKKKATTGSPARRTSSAAKITNGDAGELIRTAEALAALNAKKSEKEIWSDVVPFVRRTTDSDFDPSRMYKFITWNVAGLRGLLKKNASALRAFMEAEKPDVLCLQETKLNVDEADANATLGVVDGYSFVDHPCAFKRGYSGTRTYMKNSTTVKGLHARCTRGFALPSEPQADAAAGSRVLVEGAGDEEGRVLTTFLSPDPDSASSSSRIALVNTYVANSGMGLTRLPYRVQSFDPSMREYLHRLDTWATENAAVPSAAAMGSGSSPHGFIWAGDLNVAERDYDRYYAGTFKSMQECSGFAPEERMSFRETMQRTNSVDIFRQLYPQAGPVYSFWSQRINGRPRNLGWRLDYFVVSSRLASYVVDCFPMPTVMGSDHCPFQMWMRHP
E9B627_0_apo,MEHVQQYKFYKEKKMSIVLAPFSGGQPHSGVELGPDYLLKQGLQQDMEKLGWDTRLERVFDGKVVEARKASDNGDRIGRVKRPRLTAECTEKIYKCVRRVAEQGRFPLTIGGDHSIALGTVAGVLSVHPDAGVIWVDAHADINTMSGTVSGNLHGCPLSILLGLDRENIPECFSWVPQVLKPNKIAYIGLRAVDDEEKKILHDLNIAAFSMHHVDRYGIDKVVSMAIEAVSPKGTEPVMVSYDVDTIDPLYVPATGTPVRGGLSFREALFLCERIAECGRLVALDVVECNPLLAATESHVNDTISVGCAIARCMMGETLLYTPHTSSKL
E9ADE1_0_apo,MSAPSSVPPHKMANLHKLQRAWTLWYDSPSTYNTENWEMSLVPIMTVHSVEEFFVMLRYMKPLHALRTSSQYHFFQEGVKPMWEDPANKKGGKLWVNLDITSANGRSSNNNTSGTSAADGSAAEAKTDLDKAWENVLMATVGEYLDCVDKKDTPTEPFVTGIVMSKRKYHNRLAVWVSDASATDKIEALKKALTKEASLAPIASMVFTKHGEAS
E9AFM3_0_apo,MPSVRTMYTREELLRIATLASAMDLGPEVLRKFDVIEVAEPVPTPKRRDAESNFKGSVFTDNFSTSTTITNLGPNGGGNSGGKGGHNSGMNGGGSSSNHPGSSSTPVYGSGGGRGGDNRRGGGGGGGNGGRDDSSNSNSVRQSGYDRFAPPEGRFNRGNRNQETFEEGIEYELRQSALQKKRVAETMEREDRKGENLRQALEKFKQEGNDAEAAEAEKETDEIERLLAGITIVDDAPKAVVRSRFFSAQGPTATSAEHPATTQPSPPPPQASTTLSFGAPASSIAPATTGTPQASVLPTPANSGTQGYARGPWSSMKSDSNLWSTAPSMASALKQSLQHSLPPADASPSVPIKPPQPASQQSQPSSCPASTSHQATSMGAAAANASANSTGAPSASGPASFGVPAPAPASPPAPPQSSVLGPANGHSSTNIATAMGAKTGVSSSAAQPQAPPHTPPQTPHHSQSQPSRPAPATAIKAAPRSSGSTGVPTGAWSAADLELLLKKGATMISSAPAPPPSTAASATAAPKTQPITAAELESMLMQRARQGRGVTGNGMSTVPPSPPQFQQPPPPRQAPLLFANPSKTPPMPANSNPTSAPLSSPQQLPASMKMAPNGAMLQPKQPHQQQQPLPPPPPPMPSQMPAHSQPQSQPQPQPQIQPQIQPQQHQTPWMAMPRPPQAPPAPQPNSNGSPMHNTPPLQPLAAKMPQPAPMMQNGLQMPMQMNAQGQYFVDPAQLQRVYMTGQPMMFRRPDGTVFMQAHPMPQPQPQQAPPQQQPPFNPFGTNAQFLFQQQQQQQRR
Q4QGT7_0_apo,MSRLMPHYSKGKTAFLCVDLQEAFSKRIENFANCVFVANRLARLHELVPENTKYIVTEHYPKGLGRIVPGITLPQTAHLIEKTRFSCIVPQVEELLEDVDNAVVFGIEGHACILQTVADLLDMNKRVFLPKDGLGSQKKTDFKAAMKLMGSWSPNCEITTSESILLQMTKDAMDPNFKKISKLLKEEPPIPL
Q9NJT5_0_apo,MAPIKVGINGFGRIGRMVFQAICDQGLIGTEI
