ligand,binding score,energy
BMOVQUBVGICXQN-MKPDMIMOSA-N,826372.25,-8.0
WMCMJIGLYZDKRN-ZDUSSCGKSA-N,386470.23,-10.2
LEVWYRKDKASIDU-IMJSIDKUSA-N,1871287.12,-5.6
NETZHAKZCGBWSS-CEDHKZHLSA-N,306761.16,-8.7
GZUITABIAKMVPG-UHFFFAOYSA-N,412738.27,-9.6
FEWJPZIEWOKRBE-JCYAYHJZSA-N,239466.54,-5.3
WOFMFGQZHJDGCX-ZULDAHANSA-N,489465.19,-8.9
IRYJRGCIQBGHIV-UHFFFAOYSA-N,1125144.43,-5.5
OFZCIYFFPZCNJE-GFCCVEGCSA-N,1307266.38,-7.2
LGAJOMLFGCSBFF-OLXDQKQCSA-N,327850.57,-8.5
SLYPOVJCSQHITR-UHFFFAOYSA-N,602336.2,-6.5
IMYZQPCYWPFTAG-YWVKMMECSA-N,592549.56,-5.2
WWZKQHOCKIZLMA-UHFFFAOYSA-N,225737.85,-5.7
DCSCXTJOXBUFGB-JGVFFNPUSA-N,1244548.51,-5.8
FBPFZTCFMRRESA-JGWLITMVSA-N,233864.15,-5.1
LCAAMXMULMCKLJ-UHFFFAOYSA-N,687231.83,-10.8
HJPHIJVSRJVAGC-SSDOTTSWSA-N,836795.39,-4.7
VWVSBHGCDBMOOT-IIEHVVJPSA-N,341556.12,-8.8
KWGRBVOPPLSCSI-WPRPVWTQSA-N,317314.48,-7.0
JFPVXVDWJQMJEE-IZRZKJBUSA-N,887231.03,-6.9
OIRCOABEOLEUMC-GEJPAHFPSA-N,656127.13,-1.4
BUGYDGFZZOZRHP-CDECOKDKSA-N,702534.15,-6.0
DKGZKTPJOSAWFA-UHFFFAOYSA-N,308472.8,-9.4
AJOQSQHYDOFIOX-SECBINFHSA-N,147797.85,-8.6
PVHUJELLJLJGLN-INIZCTEOSA-N,1183421.58,-7.0
NJCJBUHJQLFDSW-UHFFFAOYSA-N,570702.43,-6.7
PYVUMAGVCSQCBD-RFAUZJTJSA-N,668729.44,-9.0
XCPGHVQEEXUHNC-UHFFFAOYSA-N,818306.44,-9.6
PFTAWBLQPZVEMU-DZGCQCFKSA-N,697299.35,-9.6
LVRLSYPNFFBYCZ-VGWMRTNUSA-N,785752.81,-8.3
PAZJSJFMUHDSTF-AWEZNQCLSA-N,1034175.18,-8.2
YFDSDPIBEUFTMI-UHFFFAOYSA-N,109705.65,-3.6
XXVROGAVTTXONC-NSHDSACASA-N,234748.86,-7.2
AKUJBENLRBOFTD-QZIXMDIESA-N,692431.17,-9.3
HNDVDQJCIGZPNO-YFKPBYRVSA-N,971759.11,-5.9
WYRWAVVTDKZRIJ-MRXNPFEDSA-N,401145.1,-7.8
CHBRHODLKOZEPZ-UHFFFAOYSA-N,1142642.61,-8.0
NUKCGLDCWQXYOQ-UHFFFAOYSA-N,303528.67,-7.7
HTJXMOGUGMSZOG-UHFFFAOYSA-N,670754.59,-8.3
KRMDCWKBEZIMAB-UHFFFAOYSA-N,492476.62,-9.9
QTQPVLDZQVPLGV-AWEZNQCLSA-N,433717.89,-8.1
WTFXJFJYEJZMFO-UHFFFAOYSA-N,1056069.39,-10.0
UDMBCSSLTHHNCD-KQYNXXCUSA-N,398076.54,-8.9
BJOLKYGKSZKIGU-UHFFFAOYSA-N,1269307.93,-5.6
WDICTQVBXKADBP-UHFFFAOYSA-N,390936.96,-7.8
WYMSBXTXOHUIGT-UHFFFAOYSA-N,1103497.62,-7.3
YGCODSQDUUUKIV-UHFFFAOYSA-N,358910.39,-7.0
YMFIJXDFAPHJIN-SECBINFHSA-N,665299.22,-6.1
TZADDXVKYWMEHX-YFKPBYRVSA-N,1292946.45,-6.8
ZTVIKZXZYLEVOL-CBBWQLFWSA-N,1021402.55,-8.7
KAJZGRFYZKWYDX-UHFFFAOYSA-N,776949.52,-7.6
XRQDFNLINLXZLB-CKIKVBCHSA-N,1021910.95,-6.9
RUOKEQAAGRXIBM-GFCCVEGCSA-N,676094.13,-7.9
ATXHVCQZZJYMCF-XUDSTZEESA-N,351681.37,-8.1
JBACAGZMXLDQCR-UHFFFAOYSA-N,1169223.84,-7.7
WQZGKKKJIJFFOK-VFUOTHLCSA-N,1249579.06,-5.5
VLCYCQAOQCDTCN-ZCFIWIBFSA-N,1987402.89,-5.5
RGHNJXZEOKUKBD-SQOUGZDYSA-N,247896.79,-5.8
VXOWJCTXWVWLLC-REGDIAEZSA-N,823210.75,-7.9
OGGXGZAMXPVRFZ-UHFFFAOYSA-N,186536.01,-1.1
UMSGKTJDUHERQW-UHFFFAOYSA-N,1032851.67,-8.1
JZRWCGZRTZMZEH-UHFFFAOYSA-N,230869.94,-8.1
MKKYBZZTJQGVCD-XTCKQBCOSA-N,734054.7,-6.9
OUDSBRTVNLOZBN-UHFFFAOYSA-N,922201.62,-11.3
IVVNZDGDKPTYHK-JTQLQIEISA-N,561638.4,-8.2
AIZFEOPQVZBNGH-UHFFFAOYSA-N,418343.32,-8.5
YEHCICAEULNIGD-MZMPZRCHSA-N,513176.98,-7.1
HTQBXNHDCUEHJF-XWLPCZSASA-N,370221.19,-2.0
LOUPRKONTZGTKE-WZBLMQSHSA-N,649715.66,-8.7
CDAISMWEOUEBRE-GPIVLXJGSA-N,415254.41,-5.8
ZZQMUJGZCZTLQD-UHFFFAOYSA-N,1298503.1,-9.4
FFINMCNLQNTKLU-UHFFFAOYSA-N,1298922.68,-5.8
IQADUMSPOQKAAO-UHFFFAOYSA-N,1214919.44,-7.4
CUWODFFVMXJOKD-UVLQAERKSA-N,1054136.12,-1.1
ZKLPARSLTMPFCP-OAQYLSRUSA-N,966324.12,-9.7
XIUUSFJTJXFNGH-OLQVQODUSA-N,790481.78,-5.5
PMMYEEVYMWASQN-DMTCNVIQSA-N,411040.35,-5.3
MCYHPZGUONZRGO-VKHMYHEASA-N,141634.7,-4.1
YMBXTVYHTMGZDW-ZWNOBZJWSA-N,1085953.21,-7.3
QYKIQEUNHZKYBP-UHFFFAOYSA-N,1986380.82,-3.4
OVJJILSKYWXGBM-GFCCVEGCSA-N,412634.45,-8.0
OAYRYNVEFFWSHK-UHFFFAOYSA-N,564915.23,-7.6
RZVPBGBYGMDSBG-GGAORHGYSA-N,667313.04,-8.2
BYPIURIATSUHDW-SNVBAGLBSA-N,797830.5,-9.0
GZENKSODFLBBHQ-ILSZZQPISA-N,636172.26,-7.7
AGPKZVBTJJNPAG-WHFBIAKZSA-N,152312.46,-5.1
FRBBPWXCRBHYJQ-FQEVSTJZSA-N,476876.86,-9.1
NIJJYAXOARWZEE-UHFFFAOYSA-N,1280448.98,-5.7
BAPRUDZDYCKSOQ-RITPCOANSA-N,317126.36,-6.0
JYGXADMDTFJGBT-VWUMJDOOSA-N,1171589.98,-8.0
YRIZYWQGELRKNT-UHFFFAOYSA-N,1283664.92,-7.1
UJEWTUDSLQGTOA-UHFFFAOYSA-N,859626.17,-6.7
NPOAOTPXWNWTSH-UHFFFAOYSA-N,188001.5,-6.0
VQHSOMBJVWLPSR-JVCRWLNRSA-N,288733.92,-5.5
DCPACFSINCUFEC-CYBMUJFWSA-N,585769.29,-7.0
NBQNWMBBSKPBAY-LTFXXXRZSA-N,1083714.35,-5.6
WVAKABMNNSMCDK-UHFFFAOYSA-N,1100983.93,-7.8
XDVCLKFLRAWGIT-ADOAZJKMSA-N,380304.12,-7.7
YTKUWDBFDASYHO-UHFFFAOYSA-N,1231037.88,-8.1
MSYKRHVOOPPJKU-BDAKNGLRSA-N,899231.85,-7.1
HEBKCHPVOIAQTA-SCDXWVJYSA-N,303634.85,-4.9
FHXBMXJMKMWVRG-SLHNCBLASA-N,705667.64,-8.7
JXLYSJRDGCGARV-CFWMRBGOSA-N,494894.29,-6.9
DQDAYGNAKTZFIW-CYBMUJFWSA-N,1087425.84,-10.1
HJJRIJDTIPFROI-NVKITGPLSA-N,294969.95,-6.9
HJBWBFZLDZWPHF-UHFFFAOYSA-N,774011.72,-7.9
ALAXZYHFVBSJKZ-UHFFFAOYSA-N,977803.5,-7.7
CMCCHHWTTBEZNM-SCSAIBSYSA-N,208884.03,-6.3
ZFSXZJXLKAJIGS-UHFFFAOYSA-N,791293.08,-10.9
DYAIAHUQIPBDIP-AXAPSJFSSA-N,921575.0,-8.2
ZPMKQFOGINQDAM-UHFFFAOYSA-N,262535.39,-10.5
MBBZMMPHUWSWHV-BDVNFPICSA-N,186716.22,-5.2
VDUWPHTZYNWKRN-UHFFFAOYSA-N,742732.75,-8.7
PWNMXPDKBYZCOO-NSHDSACASA-N,749613.56,-8.6
SFZCNBIFKDRMGX-UHFFFAOYSA-N,1933059.95,-1.1
QOYHHIBFXOOADH-UHFFFAOYSA-N,561380.14,-11.3
FVRWRGBTEHAPDI-OAHLLOKOSA-N,509387.68,-10.3
UVAZQQHAVMNMHE-XJKSGUPXSA-N,791974.22,-6.7
ANGKOCUUWGHLCE-IEBWSBKVSA-N,822052.91,-8.3
OXFGTKPPFSCSMA-XVKPBYJWSA-N,93607.56,-7.0
JXZZEXZZKAWDSP-UHFFFAOYSA-N,650184.65,-9.1
OVRNDRQMDRJTHS-FMDGEEDCSA-N,670263.85,-6.6
WQZGKKKJIJFFOK-PHYPRBDBSA-N,829673.45,-5.7
PMRYVIKBURPHAH-UHFFFAOYSA-N,123045.76,-4.0
LKACJLUUJRMGFK-UHFFFAOYSA-N,97543.42,-5.2
OCAXFDULERPAJM-BQJUDKOJSA-N,111691.41,-10.4
NMCUIPGRVMDVDB-UHFFFAOYSA-L,111605.03,-2.6
FKDHHVKWGRFRTG-VOTSOKGWSA-N,126450.5,-6.1
XVQUOJBERHHONY-SECBINFHSA-N,75633.14,-5.8
FFKUDWZICMJVPA-UHFFFAOYSA-N,108934.95,-6.6
WVDDGKGOMKODPV-UHFFFAOYSA-N,86863.41,-5.8
PEDCQBHIVMGVHV-UHFFFAOYSA-N,94011.05,-3.9
IBAQFPQHRJAVAV-ULAWRXDQSA-N,60209.15,-5.0
GLVAUDGFNGKCSF-UHFFFAOYSA-N,128291.31,-5.5
ORTQZVOHEJQUHG-UHFFFAOYSA-L,65902.83,-2.6
GIJXKZJWITVLHI-PMOLBWCYSA-N,94295.92,-9.7
AYFVYJQAPQTCCC-GBXIJSLDSA-N,98160.52,-4.8
PTKSEFOSCHHMPD-SNVBAGLBSA-N,60881.18,-7.8
IKYIXZSIKOYSLD-NSHDSACASA-N,85973.87,-9.2
BDJRBEYXGGNYIS-UHFFFAOYSA-N,68681.79,-6.3
KZTZJUQNSSLNAG-UHFFFAOYSA-N,170816.5,-4.1
BZQFBWGGLXLEPQ-REOHCLBHSA-N,137749.65,-5.3
PYAOPMWCFSVFOT-UHFFFAOYSA-N,40602.87,-6.0
OUYCCCASQSFEME-QMMMGPOBSA-N,80668.66,-6.9
YWXYYJSYQOXTPL-SLPGGIOYSA-N,85466.01,-6.3
KYAKGJDISSNVPZ-UHFFFAOYSA-N,273026.98,-8.9
XRVCFZPJAHWYTB-UHFFFAOYSA-N,143090.0,-5.0
FDMBBCOBEAVDAO-AWEZNQCLSA-N,79429.23,-6.4
VUFOCTSXHUWGPW-QHCPKHFHSA-N,96078.07,-9.4
DIDCGVRALANKIU-OTEFFYEFSA-N,122430.67,-0.8
CKLJMWTZIZZHCS-REOHCLBHSA-N,99428.92,-5.4
KDXKERNSBIXSRK-YFKPBYRVSA-N,84801.39,-5.3
UKMSUNONTOPOIO-UHFFFAOYSA-N,77416.52,-7.7
NWGGKKGAFZIVBJ-UHFFFAOYSA-N,248603.43,-12.5
FZERHIULMFGESH-UHFFFAOYSA-N,93501.24,-6.4
XULACPAEUUWKFX-UHFFFAOYSA-N,72457.93,-9.6
ZKLPARSLTMPFCP-NRFANRHFSA-N,98771.94,-7.2
PBAPPPCECJKMCM-IBGZPJMESA-N,295301.97,-10.5
SSLKKMZJCJBOML-UHFFFAOYSA-N,88669.11,-7.5
SPAGIJMPHSUYSE-UHFFFAOYSA-N,113634.27,-3.0
ZQPPMHVWECSIRJ-KTKRTIGZSA-N,172752.89,-7.8
NWVVVBRKAWDGAB-UHFFFAOYSA-N,93468.64,-5.6
ARHWPKZXBHOEEE-UHFFFAOYSA-N,88999.08,-7.2
BDERNNFJNOPAEC-UHFFFAOYSA-N,129674.18,-3.5
MTTYXGPMZKRTCI-VIFPVBQESA-N,120955.98,-7.5
NZLVRVYNQYGMAB-UHFFFAOYSA-N,269070.41,-8.0
MVQVNTPHUGQQHK-UHFFFAOYSA-N,102797.33,-5.1
XSQUKJJJFZCRTK-OUBTZVSYSA-N,68835.62,-3.1
YDDUMTOHNYZQPO-RVXRWRFUSA-N,108694.72,-9.4
CYTYCFOTNPOANT-UHFFFAOYSA-N,113771.94,-4.3
KSUUMAWCGDNLFK-SSDOTTSWSA-N,44482.54,-6.7
XKFIQZCHJUUSBA-HNNXBMFYSA-N,54475.1,-9.5
YTGJWQPHMWSCST-GSVOUGTGSA-N,86590.67,-5.4
LLEMOWNGBBNAJR-UHFFFAOYSA-N,127828.79,-8.7
AHHFEZNOXOZZQA-ZEBDFXRSSA-N,148353.79,-7.2
DNIAPMSPPWPWGF-GSVOUGTGSA-N,101244.36,-3.8
QNAYBMKLOCPYGJ-REOHCLBHSA-N,130185.91,-4.3
ODQWQRRAPPTVAG-UHFFFAOYSA-N,76235.44,-7.9
YMTINGFKWWXKFG-UHFFFAOYSA-N,82435.35,-9.9
KZSNJWFQEVHDMF-BYPYZUCNSA-N,84099.23,-4.8
QTBSBXVTEAMEQO-UHFFFAOYSA-N,85206.6,-3.6
WTDRDQBEARUVNC-LURJTMIESA-N,52216.47,-7.1
WRWRKDRWMURIBI-UHFFFAOYSA-M,78676.3,-2.9
NLORYLAYLIXTID-ISLYRVAYSA-N,72174.86,-6.7
UOMKBIIXHQIERR-UHFFFAOYSA-N,96617.49,-9.4
HPNSFSBZBAHARI-RUDMXATFSA-N,92876.01,-8.5
XLFWDASMENKTKL-UHFFFAOYSA-N,95064.53,-7.1
PZMVOUYYNKPMSI-UHFFFAOYSA-N,101517.22,-6.9
QSRHLIUOSXVKTG-YADHBBJMSA-N,96929.17,-9.9
OPTBBAGXQYOFTL-UHFFFAOYSA-N,107794.29,-7.2
JPBBNLWRCVBGJS-KCAUTNRHSA-N,180995.63,-7.9
UGOFYAXVVVXMQT-UHFFFAOYSA-N,102015.93,-9.9
GBBJCSTXCAQSSJ-XQXXSGGOSA-N,85394.17,-7.9
CZMRCDWAGMRECN-UGDNZRGBSA-N,222972.68,-7.0
YNUMZJCKFQVSRH-HWKANZROSA-N,85518.56,-7.2
UCTRAOBQFUDCSR-SECBINFHSA-N,74752.74,-7.3
BYFMCKSPFYVMOU-UHFFFAOYSA-N,92345.17,-10.2
KCXVZYZYPLLWCC-UHFFFAOYSA-N,122758.93,-6.2
FBPFZTCFMRRESA-KVTDHHQDSA-N,164332.37,-5.3
XEFQLINVKFYRCS-UHFFFAOYSA-N,85719.52,-8.7
WSPOMRSOLSGNFJ-AUWJEWJLSA-N,137546.03,-7.5
BJRNKVDFDLYUGJ-RMPHRYRLSA-N,79158.0,-7.7
QLGIFPJNYPWBMQ-UHFFFAOYSA-N,60801.36,-8.7
KHAUBYTYGDOYRU-IRXASZMISA-N,98112.12,-7.3
IPEHBUMCGVEMRF-UHFFFAOYSA-N,113300.43,-5.1
CVSVTCORWBXHQV-UHFFFAOYSA-N,91139.03,-5.3
XSQUKJJJFZCRTK-NJFSPNSNSA-N,89313.28,-3.1
NFACJZMKEDPNKN-GSVOUGTGSA-N,119459.56,-5.0
SEEPANYCNGTZFQ-UHFFFAOYSA-N,70751.47,-8.0
NUKYPUAOHBNCPY-UHFFFAOYSA-N,92734.71,-4.7
ZJAOAACCNHFJAH-UHFFFAOYSA-N,113855.28,-4.7
XOAAWQZATWQOTB-UHFFFAOYSA-N,118329.75,-4.4
XBJWOGLKABXFJE-YFKPBYRVSA-N,163173.69,-5.8
DHMQDGOQFOQNFH-UHFFFAOYSA-N,105023.52,-3.6
RTRQQBHATOEIAF-UUOKFMHZSA-N,127816.53,-7.8
XXEPPPIWZFICOJ-NSHDSACASA-N,74564.35,-7.3
KWIUHFFTVRNATP-UHFFFAOYSA-N,71683.48,-4.1
YFESJHPTNWYOCO-UHFFFAOYSA-N,246160.43,-4.7
POJWUDADGALRAB-SFOWXEAESA-N,122185.07,-6.0
ZQDWXGKKHFNSQK-OAQYLSRUSA-N,91721.78,-6.8
JMOVFFLYGIQXMM-UHFFFAOYSA-N,115163.96,-8.0
UVKZSORBKUEBAZ-UHFFFAOYSA-N,161184.78,-9.0
VVDLFTOOMLZFRO-UHFFFAOYSA-N,95898.73,-8.4
LAHDERDHXJFFJU-ZWNKPRIXSA-N,220626.09,-7.9
VDANGULDQQJODZ-UHFFFAOYSA-N,40273.32,-7.4
AHLPHDHHMVZTML-BYPYZUCNSA-N,83817.66,-5.0
WLJVXDMOQOGPHL-UHFFFAOYSA-N,87476.87,-6.3
COLNVLDHVKWLRT-QMMMGPOBSA-N,98910.33,-7.0
RVMGXWBCQGAWBR-UHFFFAOYSA-N,101289.31,-8.2
MYBLAOJMRYYKMS-PVFLNQBWSA-N,91188.79,-6.6
DLNKOYKMWOXYQA-IONNQARKSA-N,96424.41,-6.7
RNFNDJAIBTYOQL-UHFFFAOYSA-N,110903.18,-4.9
FRPZMMHWLSIFAZ-UHFFFAOYSA-N,139594.8,-6.4
OYTKINVCDFNREN-UHFFFAOYSA-N,60321.72,-5.0
QKDRXGFQVGOQKS-CRSSMBPESA-N,90234.29,-8.5
RQNADZJRELIICT-UHFFFAOYSA-N,171856.6,-7.9
QBSGXIBYUQJHMJ-UHFFFAOYSA-N,88544.15,-9.5
PHTUQLWOUWZIMZ-GZTJUZNOSA-N,120878.98,-7.8
UAUHEPXILIZYCU-ALHOSYKFSA-N,164485.78,-8.5
RFKMCNOHBTXSMU-UHFFFAOYSA-N,83130.56,-4.6
KMSKQZKKOZQFFG-YXRRJAAWSA-N,195259.82,-8.7
VOIFKEWOFUNPBN-QIUUJYRFSA-N,104912.55,-6.3
XRECTZIEBJDKEO-UHFFFAOYSA-N,129336.72,-5.2
WBHHMMIMDMUBKC-QJWNTBNXSA-N,117343.86,-7.6
WFNAKBGANONZEQ-GOSISDBHSA-N,122814.54,-8.4
UCCJWNPWWPJKGL-DEOSSOPVSA-N,68856.99,-10.4
GEGSSUSEWOHAFE-UHFFFAOYSA-N,100417.34,-6.3
UUQMNUMQCIQDMZ-UHFFFAOYSA-N,72528.81,-5.7
CVKNDPRBJVBDSS-CQSZACIVSA-N,56912.33,-8.8
AJPLPOWGYORUIF-UHFFFAOYSA-N,85295.76,-9.3
WGNUNYPERJMVRM-UHFFFAOYSA-N,118799.92,-6.0
XNEFYCZVKIDDMS-UHFFFAOYSA-N,132229.9,-10.6
CURLTUGMZLYLDI-UHFFFAOYSA-N,106838.97,-2.2
WPYMKLBDIGXBTP-UHFFFAOYSA-N,94042.56,-6.4
NMUSYJAQQFHJEW-KVTDHHQDSA-N,85723.29,-7.4
JEIPFZHSYJVQDO-UHFFFAOYSA-N,171045.12,-3.8
YYQRGCZGSFRBAM-UHFFFAOYSA-N,101412.29,-5.4
ZYVXHFWBYUDDBM-UHFFFAOYSA-N,111445.17,-6.1
SRBFZHDQGSBBOR-LECHCGJUSA-N,105401.08,-5.4
PHVGLTMQBUFIQQ-UHFFFAOYSA-N,82521.08,-8.9
IDCHQQSVJAAUQQ-UHFFFAOYSA-N,28745.09,-8.5
JURKNVYFZMSNLP-UHFFFAOYSA-N,115557.73,-10.3
PVNIIMVLHYAWGP-UHFFFAOYSA-N,146286.04,-5.7
HRYZWHHZPQKTII-UHFFFAOYSA-N,77927.62,-2.8
LENZDBCJOHFCAS-UHFFFAOYSA-N,138293.79,-4.7
WIIZWVCIJKGZOK-RKDXNWHRSA-N,93188.96,-7.9
OEYIOHPDSNJKLS-UHFFFAOYSA-N,94973.05,-3.8
IYVFNTXFRYQLRP-VVSTWUKXSA-N,64878.69,-8.2
UZVHFVZFNXBMQJ-UHFFFAOYSA-N,62327.06,-6.9
JWAZRIHNYRIHIV-UHFFFAOYSA-N,76250.7,-7.7
LFQSCWFLJHTTHZ-UHFFFAOYSA-N,67356.24,-2.8
LXCFILQKKLGQFO-UHFFFAOYSA-N,39970.05,-6.3
WGZDBVOTUVNQFP-UHFFFAOYSA-N,31340.79,-9.0
PCLITLDOTJTVDJ-UHFFFAOYSA-N,68139.89,-5.1
LHIALLMPKJMSIQ-NSCUHMNNSA-N,71021.22,-8.3
MHPZZZZLAQGTHT-UHFFFAOYSA-N,45820.85,-6.9
OTVAEFIXJLOWRX-NXEZZACHSA-N,56465.66,-8.1
ICUTUKXCWQYESQ-UHFFFAOYSA-N,23033.56,-10.0
VZGDMQKNWNREIO-UHFFFAOYSA-N,88817.64,-4.0
SONNWYBIRXJNDC-VIFPVBQESA-N,38893.54,-6.7
CWRVKFFCRWGWCS-UHFFFAOYSA-N,62008.0,-6.1
RTGDFNSFWBGLEC-SYZQJQIISA-N,69975.74,-9.2
BLFLLBZGZJTVJG-UHFFFAOYSA-N,37814.27,-6.7
JJJFUHOGVZWXNQ-UHFFFAOYSA-N,53304.87,-5.7
LOMDVEFCNVDZMZ-UHFFFAOYSA-N,53207.53,-5.4
TZDUHAJSIBHXDL-LBPRGKRZSA-N,56484.91,-7.9
AVKHCKXGKPAGEI-UHFFFAOYSA-N,42364.91,-7.1
YJYPHIXNFHFHND-UHFFFAOYSA-N,48525.75,-9.4
OPTZOXDYEFIPJZ-UHFFFAOYSA-N,41018.77,-7.9
OEYIOHPDSNJKLS-BJUDXGSMSA-N,63378.1,-3.7
DPYMFVXJLLWWEU-PVQJCKRUSA-N,61472.7,-5.7
MSNWSDPPULHLDL-UHFFFAOYSA-K,43250.19,-3.7
DSSYKIVIOFKYAU-XCBNKYQSSA-N,21886.79,-6.3
UEEJHVSXFDXPFK-UHFFFAOYSA-N,68880.21,-3.7
XSTXAVWGXDQKEL-UHFFFAOYSA-N,52677.79,-3.7
GHMLBKRAJCXXBS-UHFFFAOYSA-N,46004.86,-5.7
NYMGNSNKLVNMIA-UHFFFAOYSA-N,40858.42,-7.1
RGEVWUKXWFOAID-UHFFFAOYSA-N,84133.51,-6.5
FGVVTMRZYROCTH-UHFFFAOYSA-N,51285.04,-5.2
CIUUIPMOFZIWIZ-UHFFFAOYSA-N,44879.46,-8.2
MINDHVHHQZYEEK-HBBNESRFSA-N,69207.14,-8.2
KBHMHROOFHVLBA-SECBINFHSA-N,33366.19,-7.2
BDYYDXJSHYEDGB-UHFFFAOYSA-N,25111.5,-8.9
BRBAEHHXGZRCBK-UHFFFAOYSA-N,67045.94,-6.3
HSHNITRMYYLLCV-UHFFFAOYSA-N,58626.24,-8.3
WVYXNIXAMZOZFK-UHFFFAOYSA-N,64599.35,-6.5
HEDRZPFGACZZDS-UHFFFAOYSA-N,36157.77,-3.3
KCFYEAOKVJSACF-UHFFFAOYSA-N,53404.61,-6.9
VEZXCJBBBCKRPI-UHFFFAOYSA-N,53898.96,-3.6
AUFSOOYCQYDGES-SECBINFHSA-N,52402.29,-6.7
WDVSHHCDHLJJJR-UHFFFAOYSA-N,43315.36,-8.9
NHKZSTHOYNWEEZ-AFCXAGJDSA-N,55028.0,-7.8
NBIIXXVUZAFLBC-UHFFFAOYSA-N,56802.18,-3.7
RTZKZFJDLAIYFH-UHFFFAOYSA-N,51625.02,-3.3
AYJVGKWCGIYEAK-UHFFFAOYSA-N,42121.2,-9.1
QCDWFXQBSFUVSP-UHFFFAOYSA-N,69597.48,-5.9
PIWKPBJCKXDKJR-SFOWXEAESA-N,55954.15,-5.4
JVVRCYWZTJLJSG-UHFFFAOYSA-N,68950.59,-5.8
YXKTVDFXDRQTKV-HNNXBMFYSA-N,14114.58,-8.8
JLRNKCZRCMIVKA-UHFFFAOYSA-N,82627.19,-8.4
VWQZJJZGISNFOE-UHFFFAOYSA-N,27285.79,-8.7
HAWPXGHAZFHHAD-UHFFFAOYSA-N,66614.73,-4.1
VNLMRPAWAMPLNZ-LURJTMIESA-N,51470.21,-6.6
IIXWYSCJSQVBQM-LLVKDONJSA-N,61096.76,-9.1
QFWPJPIVLCBXFJ-UHFFFAOYSA-N,65815.8,-8.3
NHUHCSRWZMLRLA-UHFFFAOYSA-N,48851.66,-8.4
VEQOALNAAJBPNY-UHFFFAOYSA-N,56186.53,-8.1
ZYEPZINLLPPBMI-GOSISDBHSA-N,56261.65,-9.9
GSEJCLTVZPLZKY-UHFFFAOYSA-N,55240.97,-4.5
JBIMVDZLSHOPLA-LSCVHKIXSA-N,52094.49,-8.0
JSWZEAMFRNKZNL-UHFFFAOYSA-N,65611.42,-9.8
HZQDCMWJEBCWBR-UUOKFMHZSA-N,64466.03,-7.4
ROHFNLRQFUQHCH-YFKPBYRVSA-N,63656.32,-5.3
GKPFBMQXTRZTOW-UHFFFAOYSA-N,54412.01,-7.8
HZTMGWSBSDLALI-UHFFFAOYSA-N,61279.87,-7.9
DOMXUEMWDBAQBQ-WEVVVXLNSA-N,18051.29,-10.3
LTINPJMVDKPJJI-PBXRRBTRSA-N,30674.21,-5.3
WNLRTRBMVRJNCN-UHFFFAOYSA-N,68378.63,-5.6
GUBGYTABKSRVRQ-XLOQQCSPSA-N,54954.18,-6.6
RATGSRSDPNECNO-QMMMGPOBSA-N,41102.69,-5.3
SLXKOJJOQWFEFD-UHFFFAOYSA-N,67195.35,-5.2
QPPBRPIAZZHUNT-UHFFFAOYSA-N,60647.72,-7.1
KXVSBTJVTUVNPM-UKPNQBOSSA-N,60999.71,-7.9
YQNFBOJPTAXAKV-OMCISZLKSA-N,44717.39,-5.9
NGXUUAFYUCOICP-UHFFFAOYSA-N,56105.08,-6.9
HJXMNVQARNZTEE-NSHDSACASA-N,63041.35,-8.2
ZWAOHEXOSAUJHY-ZIYNGMLESA-N,79728.01,-8.3
TZRXHJWUDPFEEY-UHFFFAOYSA-N,56957.68,-6.0
JZWFDVDETGFGFC-UHFFFAOYSA-N,48017.66,-7.9
KJHOZAZQWVKILO-UHFFFAOYSA-N,68638.25,-6.9
FVIGODVHAVLZOO-UHFFFAOYSA-N,68603.95,-4.9
RMUCZJUITONUFY-UHFFFAOYSA-N,49281.23,-6.4
ACTRVOBWPAIOHC-XIXRPRMCSA-N,63964.28,-4.7
VJOVAKSZILJDBB-UHFFFAOYSA-N,36177.48,-5.9
CYWFCPPBTWOZSF-UHFFFAOYSA-N,79189.88,-7.9
WXZMFSXDPGVJKK-UHFFFAOYSA-N,66379.7,-4.8
ROHFNLRQFUQHCH-YFKPBYRVSA-N,63656.32,-5.3
GKPFBMQXTRZTOW-UHFFFAOYSA-N,54412.01,-7.8
HZTMGWSBSDLALI-UHFFFAOYSA-N,61279.87,-7.9
DOMXUEMWDBAQBQ-WEVVVXLNSA-N,18051.29,-10.3
LTINPJMVDKPJJI-PBXRRBTRSA-N,30674.21,-5.3
WNLRTRBMVRJNCN-UHFFFAOYSA-N,68378.63,-5.6
JIVZKJJQOZQXQB-UHFFFAOYSA-N,48692.77,-7.3
RRUDCFGSUDOHDG-UHFFFAOYSA-N,73504.07,-4.5
GUBGYTABKSRVRQ-XLOQQCSPSA-N,54954.18,-6.6
RIKMMFOAQPJVMX-UHFFFAOYSA-N,46804.31,-4.5
RATGSRSDPNECNO-QMMMGPOBSA-N,41102.69,-5.3
PHTMLLGDZBZXMW-AERCQKQUSA-N,71207.52,-10.4
BTCSSZJGUNDROE-UHFFFAOYSA-N,66375.67,-4.7
SLXKOJJOQWFEFD-UHFFFAOYSA-N,67195.35,-5.2
QPPBRPIAZZHUNT-UHFFFAOYSA-N,60647.72,-7.1
VTHJTEIRLNZDEV-UHFFFAOYSA-L,48536.74,-3.3
FDQGNLOWMMVRQL-UHFFFAOYSA-N,37148.58,-5.6
KXVSBTJVTUVNPM-UKPNQBOSSA-N,60999.71,-7.9
XSQUKJJJFZCRTK-UHFFFAOYSA-N,59158.29,-3.1
SLWGJZPKHAXZQL-UHFFFAOYSA-N,70190.57,-5.3
JVTAAEKCZFNVCJ-UWTATZPHSA-N,60688.16,-4.5
YQNFBOJPTAXAKV-OMCISZLKSA-N,44717.39,-5.9
PJSFRIWCGOHTNF-UHFFFAOYSA-N,62522.84,-7.9
NGXUUAFYUCOICP-UHFFFAOYSA-N,56105.08,-6.9
HJXMNVQARNZTEE-NSHDSACASA-N,63041.35,-8.2
RARQHAFNGNPQCZ-UHFFFAOYSA-N,51387.94,-9.2
GPTONYMQFTZPKC-UHFFFAOYSA-N,56979.89,-8.3
ZWAOHEXOSAUJHY-ZIYNGMLESA-N,79728.01,-8.3
KFZMGEQAYNKOFK-UHFFFAOYSA-N,52974.78,-3.4
AEMRFAOFKBGASW-UHFFFAOYSA-N,55870.42,-3.6
GLUUGHFHXGJENI-UHFFFAOYSA-N,88949.7,-3.8
FFEARJCKVFRZRR-BYPYZUCNSA-N,94320.78,-5.0
GHOKWGTUZJEAQD-ZETCQYMHSA-N,68876.73,-6.4
JNMWHTHYDQTDQZ-UHFFFAOYSA-N,43073.38,-2.1
TZRXHJWUDPFEEY-UHFFFAOYSA-N,56957.68,-6.0
JZWFDVDETGFGFC-UHFFFAOYSA-N,48017.66,-7.9
KNHUKKLJHYUCFP-UHFFFAOYSA-N,81692.18,-7.5
KJHOZAZQWVKILO-UHFFFAOYSA-N,68638.25,-6.9
FVIGODVHAVLZOO-UHFFFAOYSA-N,68603.95,-4.9
RMUCZJUITONUFY-UHFFFAOYSA-N,49281.23,-6.4
YJBIJSVYPHRVCI-UHFFFAOYSA-N,37550.51,-8.9
ACTRVOBWPAIOHC-XIXRPRMCSA-N,63964.28,-4.7
VJOVAKSZILJDBB-UHFFFAOYSA-N,36177.48,-5.9
YQGDEPYYFWUPGO-VKHMYHEASA-N,67697.19,-5.1
VVNCNSJFMMFHPL-VKHMYHEASA-N,61267.07,-4.7
CYWFCPPBTWOZSF-UHFFFAOYSA-N,79189.88,-7.9
WXZMFSXDPGVJKK-UHFFFAOYSA-N,66379.7,-4.8
MQOBSOSZFYZQOK-UHFFFAOYSA-N,71569.82,-11.2
KSMRODHGGIIXDV-YFKPBYRVSA-N,37430.63,-6.1
NIQCNGHVCWTJSM-UHFFFAOYSA-N,30622.14,-7.3
KGPPDNUWZNWPSI-UHFFFAOYSA-N,74568.09,-5.5
XJGFWWJLMVZSIG-UHFFFAOYSA-N,31407.67,-9.0
ORUJFMPWKPVXLZ-UHFFFAOYSA-N,61349.9,-8.7
OXAUOBQMCDIVPQ-IOXNKQMXSA-N,60188.67,-7.8
SPDZFJLQFWSJGA-UHFFFAOYSA-N,63961.18,-5.9
SBUQZKJEOOQSBV-QMMMGPOBSA-N,28111.91,-6.8
BPKUDUSVDVLOPY-UHFFFAOYSA-N,54617.1,-8.3
WEUCDJCFJHYFRL-IBGZPJMESA-N,68267.06,-9.5
RDFJFVXMRYVOAC-UHFFFAOYSA-N,53162.8,-4.0
LXNHXLLTXMVWPM-UHFFFAOYSA-N,83476.61,-6.2
QRZAKQDHEVVFRX-UHFFFAOYSA-N,63817.56,-9.7
HODRFAVLXIFVTR-RKDXNWHRSA-N,52842.96,-7.9
YZZCJYJBCUJISI-UHFFFAOYSA-N,57244.24,-6.3
VQKLRVZQQYVIJW-UHFFFAOYSA-N,30604.46,-8.0
NUVBSKCKDOMJSU-UHFFFAOYSA-N,35064.72,-6.7
POULHZVOKOAJMA-UHFFFAOYSA-N,77243.09,-6.7
XXRVYAFBUDSLJX-UHFFFAOYSA-N,33081.64,-9.3
QIQXTHQIDYTFRH-UHFFFAOYSA-N,77090.24,-7.1
RPTUSVTUFVMDQK-UHFFFAOYSA-N,43203.97,-7.6
UUVWYPNAQBNQJQ-UHFFFAOYSA-N,61333.07,-6.1
VILCJCGEZXAXTO-UHFFFAOYSA-N,70507.78,-4.5
MOYKHGMNXAOIAT-JGWLITMVSA-N,67736.19,-6.7
OSDLLIBGSJNGJE-UHFFFAOYSA-N,47285.72,-7.0
PBVFROWIWWGIFK-KWCOIAHCSA-N,58459.99,-4.2
KWGRBVOPPLSCSI-WCBMZHEXSA-N,43697.21,-6.8
KEJXLQUPYHWCNM-UHFFFAOYSA-N,63652.25,-8.5
RARSHUDCJQSEFJ-UHFFFAOYSA-N,51725.8,-6.8
BTGNGJJLZOIYID-UHFFFAOYSA-N,49975.25,-7.8
PMFZALLSVLZXMR-SFHVURJKSA-N,12248.64,-7.6
IRZVVDMCEZNNCW-UHFFFAOYSA-N,21787.59,-10.3
RWLALWYNXFYRGW-YUMQZZPRSA-N,51054.68,-5.3
GUTZRTRUIMWMJZ-SSDOTTSWSA-N,77430.16,-7.9
GFBKORZTTCHDGY-UWVJOHFNSA-N,53885.88,-7.8
HVTQGIFBNBMSGE-JZRMKITLSA-N,63146.12,-4.4
QIGBRXMKCJKVMJ-UHFFFAOYSA-N,68165.18,-5.2
OKJPEAGHQZHRQV-UHFFFAOYSA-N,34548.22,-2.9
IAZDPXIOMUYVGZ-UHFFFAOYSA-N,42722.25,-2.7
QXKHYNVANLEOEG-UHFFFAOYSA-N,18433.9,-8.8
RBNWAMSGVWEHFP-WAAGHKOSSA-N,37312.52,-6.8
TXCGAZHTZHNUAI-UHFFFAOYSA-N,57054.3,-7.0
MBHXKZDTQCSVPM-BDAFLREQSA-N,62414.14,-9.5
CXQGFLBVUNUQIA-UHFFFAOYSA-N,60240.34,-7.8
MUCZHBLJLSDCSD-UHFFFAOYSA-N,55023.64,-5.8
HSMNQINEKMPTIC-UHFFFAOYSA-N,17557.62,-7.4
OSCTXCOERRNGLW-UHFFFAOYSA-N,51211.23,-7.9
MIQPIUSUKVNLNT-UHFFFAOYSA-N,45956.47,-9.9
GJQPMPFPNINLKP-UHFFFAOYSA-N,43148.53,-8.3
XASIMHXSUQUHLV-UHFFFAOYSA-N,12085.79,-9.0
NIVFTEMPSCMWDE-QMMMGPOBSA-N,30557.86,-6.5
VZCCETWTMQHEPK-QNEBEIHSSA-N,38993.98,-8.5
UUVIQYKKKBJYJT-ZYUZMQFOSA-N,46061.07,-6.5
BGEBZHIAGXMEMV-UHFFFAOYSA-N,51921.49,-8.5
IPWKIXLWTCNBKN-ZCFIWIBFSA-N,41081.59,-5.1
JWJOTENAMICLJG-QWBYCMEYSA-N,37554.76,-9.5
GWWLWDURRGNSRS-UHFFFAOYSA-N,23270.55,-9.2
GEFQWZLICWMTKF-CDUCUWFYSA-N,29993.26,-6.8
ANJNOJFLVNXCHT-UHFFFAOYSA-N,23613.15,-9.6
LMBWSYZSUOEYSN-UHFFFAOYSA-N,54797.74,-3.9
GHBFNMLVSPCDGN-SNVBAGLBSA-N,48998.07,-6.2
GOAZMLKQUGCOPO-UHFFFAOYSA-N,25292.23,-7.1
JCRIVQIOJSSCQD-VIFPVBQESA-N,25632.45,-6.7
QNQZBKQEIFTHFZ-SFHVURJKSA-N,35584.0,-8.2
IWYDHOAUDWTVEP-SSDOTTSWSA-N,44210.82,-6.7
WTWWXOGTJWMJHI-UHFFFAOYSA-N,45821.89,-9.5
ICFJFFQQTFMIBG-UHFFFAOYSA-N,8813.57,-8.2
FTALBRSUTCGOEG-UHFFFAOYSA-N,18074.97,-7.3
XBPZXDSZHPDXQU-UHFFFAOYSA-N,46912.91,-9.0
AEUTYOVWOVBAKS-UWVGGRQHSA-N,34803.6,-5.3
WZHJKEUHNJHDLS-QTGUNEKASA-N,48387.05,-10.0
QYSGYZVSCZSLHT-UHFFFAOYSA-N,52153.59,-6.3
DVNYTAVYBRSTGK-UHFFFAOYSA-N,58304.13,-5.1
JDLSRXWHEBFHNC-UHFFFAOYSA-N,8363.16,-10.6
OIRDTQYFTABQOQ-UHTZMRCNSA-N,49551.07,-7.9
JLMHZVYLAQPMOZ-UHFFFAOYSA-N,52845.4,-4.1
QANMHLXAZMSUEX-UHFFFAOYSA-N,21793.39,-7.8
KXRZBTAEDBELFD-UHFFFAOYSA-N,44649.18,-8.0
WZNJWVWKTVETCG-YFKPBYRVSA-N,43655.64,-6.6
YAGBSNMZQKEFCO-JTQLQIEISA-N,47309.82,-6.9
QUBQYFYWUJJAAK-UHFFFAOYSA-N,54677.09,-4.7
FZRNEERXGKQYPH-UHFFFAOYSA-N,44007.7,-9.8
UIEATEWHFDRYRU-XMMPIXPASA-N,47473.39,-7.7
XKFZYVWWXHCHIX-UHFFFAOYSA-N,37883.15,-6.1
DVASNQYQOZHAJN-OAHLLOKOSA-N,29378.34,-9.4
NRNCYVBFPDDJNE-ZETCQYMHSA-N,51842.45,-7.8
RWWYLEGWBNMMLJ-YSOARWBDSA-N,51202.75,-9.0
ZBNBQISDCFIEQC-UHFFFAOYSA-N,41444.46,-5.3
JOWRFSPJFXLGGY-VIFPVBQESA-N,38867.27,-8.8
QXLPXWSKPNOQLE-ZCFIWIBFSA-N,27604.69,-4.9
YMFGJWGABDOFID-UHFFFAOYSA-N,16327.46,-7.9
YGSDEFSMJLZEOE-UHFFFAOYSA-N,50919.39,-6.4
YDBYJHTYSHBBAU-YFKPBYRVSA-O,23856.81,-5.2
WQABCVAJNWAXTE-VKHMYHEASA-N,46644.8,-3.3
LAYVFLWAVIGDLK-LJQANCHMSA-N,39684.42,-6.4
KWBTZIFLQYYPTH-UHFFFAOYSA-N,37664.15,-8.0
MPDGHEJMBKOTSU-YKLVYJNSSA-N,37405.71,-7.9
IMOLVSPMDGCLMB-UHFFFAOYSA-N,34970.92,-8.2
WTDGMHYYGNJEKQ-ZETCQYMHSA-N,21828.96,-6.6
TZWKUQDQKPYNLL-UHFFFAOYSA-N,11905.57,-7.6
BELBBZDIHDAJOR-UHFFFAOYSA-N,35486.07,-8.7
QRJOQYLXZPQQMX-FWROMSNXSA-N,32468.4,-8.5
VZCYOOQTPOCHFL-OWOJBTEDSA-N,36016.45,-5.5
CIWBSHSKHKDKBQ-JLAZNSOCSA-N,35523.92,-5.7
DCXYFEDJOCDNAF-REOHCLBHSA-N,39622.59,-5.3
MDNWOSOZYLHTCG-UHFFFAOYSA-N,43108.05,-8.0
WGFOBBZOWHGYQH-MXHNKVEKSA-N,37411.5,-9.2
CAMYKONBWHRPDD-UHFFFAOYSA-N,50308.29,-7.0
OYHQOLUKZRVURQ-HZJYTTRNSA-N,55384.26,-7.5
JBOOHWBSLUXBQW-SDNWHVSQSA-N,49633.11,-9.0
GDLBFKVLRPITMI-UHFFFAOYSA-N,39126.41,-7.5
LWRDQHOZTAOILO-UHFFFAOYSA-N,43812.42,-7.1
ZGXJTSGNIOSYLO-UHFFFAOYSA-N,44850.4,-5.2
OVTCHWSLKGENKP-UHFFFAOYSA-N,35543.07,-6.8
SXRSQZLOMIGNAQ-UHFFFAOYSA-N,40982.18,-4.6
SUHOQUVVVLNYQR-MRVPVSSYSA-N,44156.9,-5.1
NGGMYCMLYOUNGM-CSDLUJIJSA-N,42444.88,-9.1
DLEGDLSLRSOURQ-UHFFFAOYSA-N,45185.65,-4.7
YVWGMAFXEJHFRO-UHFFFAOYSA-N,25102.06,-5.1
OWQUZNMMYNAXSL-UHFFFAOYSA-N,40421.48,-10.1
OIRDTQYFTABQOQ-KQYNXXCUSA-N,49672.06,-7.1
SGTNSNPWRIOYBX-MHZLTWQESA-N,46475.84,-8.5
GIKNHHRFLCDOEU-SSDOTTSWSA-N,39410.92,-6.6
JCBQCKFFSPGEDY-OAQYLSRUSA-N,38328.58,-7.8
IWUCXVSUMQZMFG-AFCXAGJDSA-N,22354.2,-7.7
PHWBOXQYWZNQIN-UHFFFAOYSA-N,41334.0,-9.0
QOIGKGMMAGJZNZ-UHFFFAOYSA-N,11626.44,-7.6
NFDFQCUYFHCNBW-SCGPFSFSSA-N,13115.64,-9.0
SRVJKTDHMYAMHA-UHFFFAOYSA-N,30256.91,-7.6
ZCBJDQBSLZREAA-UHFFFAOYSA-N,41191.54,-8.5
ZEAJXCPGHPJVNP-GFCCVEGCSA-N,32438.27,-8.6
XRCFXMGQEVUZFC-UHFFFAOYSA-N,36907.24,-9.1
DFPAKSUCGFBDDF-UHFFFAOYSA-N,43860.98,-5.8
QHGUCRYDKWKLMG-QMMMGPOBSA-N,30504.82,-6.4
VNQABZCSYCTZMS-UHFFFAOYSA-N,27468.05,-6.6
FUSNMLFNXJSCDI-UHFFFAOYSA-N,23248.57,-10.0
DZQVFHSCSRACSX-UHFFFAOYSA-N,43976.01,-8.0
BNFRJXLZYUTIII-UHFFFAOYSA-N,13537.41,-10.9
AVWWVJUMXRXPNF-UHFFFAOYSA-N,32716.3,-8.6
AYXYPKUFHZROOJ-ZETCQYMHSA-N,40112.93,-5.8
XWVOEFLBOSSYGM-UHFFFAOYSA-N,53663.4,-6.4
FOIPWTMKYXWFGC-UHFFFAOYSA-N,49644.39,-5.7
HCYAFALTSJYZDH-UHFFFAOYSA-N,23159.05,-9.4
DMIMZHGXWWCGBD-UHFFFAOYSA-N,44547.24,-7.2
SYAKTDIEAPMBAL-QMMMGPOBSA-N,17908.36,-7.3
WVYADZUPLLSGPU-UHFFFAOYSA-N,49054.07,-9.4
ZPAKPRAICRBAOD-UHFFFAOYSA-N,48351.73,-9.6
HHRZAEJMHSGZNP-SSDOTTSWSA-N,35248.08,-6.8
JLKIGFTWXXRPMT-UHFFFAOYSA-N,44029.47,-8.5
CVWILQHZFWRYPB-UHFFFAOYSA-N,46444.51,-7.1
DBEPLOCGEIEOCV-WSBQPABSSA-N,41024.32,-7.5
RQAITHJHUFFEIV-SNVBAGLBSA-N,44085.49,-7.5
LSAOZCAKUIANSQ-UHFFFAOYSA-N,47250.68,-7.6
WMJPAYUKEVEBCN-UHFFFAOYSA-N,50492.94,-6.2
DRMHNJGOEAYOIZ-CYBMUJFWSA-N,5625.32,-8.4
DVEQCIBLXRSYPH-LLVKDONJSA-N,11093.07,-8.8
NBOMNTLFRHMDEZ-UHFFFAOYSA-N,49678.06,-6.4
QDIYJDPBMZUZEH-UHFFFAOYSA-O,40365.13,-7.5
VFKZTMPDYBFSTM-KVTDHHQDSA-N,22503.59,-5.4
KZNICNPSHKQLFF-UHFFFAOYSA-N,47996.43,-5.1
CAHKINHBCWCHCF-JTQLQIEISA-N,47701.79,-8.1
SBBDHANTMHIRGW-QMMMGPOBSA-N,43960.54,-6.6
NPPQSCRMBWNHMW-UHFFFAOYSA-N,49406.3,-6.3
QXWYKJLNLSIPIN-JGVFFNPUSA-N,42011.4,-7.2
QNQZBKQEIFTHFZ-GOSISDBHSA-N,37068.72,-6.9
XSPUSVIQHBDITA-RKYNPMAHSA-N,41911.73,-6.9
VWLHWLSRQJQWRG-UHFFFAOYSA-O,39474.93,-6.4
DNKPFCQEGBJJTE-UHFFFAOYSA-N,46193.92,-4.1
QLTVVOATEHFXLT-VIFPVBQESA-N,10798.77,-7.7
DBHODFSFBXJZNY-UHFFFAOYSA-N,41481.44,-6.4
KBFBRIPYVVGWRS-OAHLLOKOSA-N,42115.04,-9.9
ANTSCNMPPGJYLG-UHFFFAOYSA-N,38971.66,-7.6
KDYFGRWQOYBRFD-UHFFFAOYSA-N,51483.73,-5.3
YVGGHNCTFXOJCH-UHFFFAOYSA-N,41282.58,-8.9
SUWZHLCNFQWNPE-LATRNWQMSA-N,43778.95,-8.8
UHDGCWIWMRVCDJ-CCXZUQQUSA-N,46643.36,-6.2
RBTBFTRPCNLSDE-UHFFFAOYSA-N,35886.04,-6.3
VYQNWZOUAUKGHI-UHFFFAOYSA-N,38838.74,-8.4
LSAMUAYPDHUBQD-OLKPEBQYSA-N,26336.47,-6.9
HLIBJQGJVDHCNB-UHFFFAOYSA-N,38589.07,-9.0
HTYIXCKSEQQCJO-NSHDSACASA-N,49782.31,-7.0
JCKYGMPEJWAADB-UHFFFAOYSA-N,44082.85,-7.5
LRCXRAABFLIVAI-QMMMGPOBSA-N,23748.82,-6.6
DZGWFCGJZKJUFP-UHFFFAOYSA-N,42244.81,-6.2
OBZHEBDUNPOCJG-WBXJDKIVSA-N,36515.14,-7.6
UYUXSRADSPPKRZ-SKNVOMKLSA-N,22899.45,-5.9
VYFYYTLLBUKUHU-UHFFFAOYSA-N,38801.5,-6.4
HDGFUOKLIQJQCS-UHFFFAOYSA-O,39768.86,-7.9
IAIWVQXQOWNYOU-FPYGCLRLSA-N,48288.5,-7.1
YFLRYAVDPKONNX-UHFFFAOYSA-N,45614.79,-7.1
DLNKOYKMWOXYQA-APPZFPTMSA-N,50792.99,-6.9
OXNIZHLAWKMVMX-UHFFFAOYSA-N,48572.36,-7.3
GCHKUUOPYMFGEY-VMPITWQZSA-N,39593.58,-7.5
DB00336,48786.46,-7.1
CORFWQGVBFFZHF-CKWBHOIGSA-N,21700.82,-7.3
PYSOHOOUXFWCFF-UHFFFAOYSA-N,35259.42,-9.5
SNPLKNRPJHDVJA-ZETCQYMHSA-N,31884.16,-6.0
ROSXARVHJNYYDO-UHFFFAOYSA-N,5947.36,-7.5
UMILHIMHKXVDGH-RYUDHWBXSA-N,24788.86,-5.6
GNZCRYWFWKFIDM-UHFFFAOYSA-N,27442.37,-9.2
AHFWIQIYAXSLBA-RQXATKFSSA-N,38353.33,-12.1
QZIQORUGXBPDSU-UHFFFAOYSA-N,15611.97,-9.5
DOBMPNYZJYQDGZ-UHFFFAOYSA-N,28881.3,-8.3
DGMKFQYCZXERLX-OAHLLOKOSA-N,37506.41,-8.3
DHKKONBXGAAFTB-UHFFFAOYSA-N,8752.36,-11.0
RLISWLLILOTWGG-UHFFFAOYSA-N,27037.98,-7.3
QCDYQQDYXPDABM-UHFFFAOYSA-N,39908.17,-5.9
IRQOBYXMACIFKD-UHFFFAOYSA-N,22842.99,-7.2
NMAOJFAMEOVURT-BBWFWOEESA-N,34112.4,-8.1
BEJNERDRQOWKJM-UHFFFAOYSA-N,18665.52,-5.4
DB06243,34174.49,-5.9
DYUQAZSOFZSPHD-VIFPVBQESA-N,23960.2,-6.7
VOBHXZCDAVEXEY-JSGCOSHPSA-N,33006.26,-8.2
NNJVILVZKWQKPM-UHFFFAOYSA-N,14447.49,-8.3
XQTARQNQIVVBRX-UHFFFAOYSA-N,9150.13,-9.5
DDDQVDIPBFGVIG-UHFFFAOYSA-N,39057.39,-9.5
ZBVKEHDGYSLCCC-SFHVURJKSA-N,32596.35,-7.7
SIXLXDIJGIWWFU-UHFFFAOYSA-N,38451.11,-8.5
OSJJYEUEJRVVOD-UHFFFAOYSA-N,33798.99,-7.9
AURFZBICLPNKBZ-SYBPFIFISA-N,29190.05,-8.4
MIRHIEAGDGUXKL-UHFFFAOYSA-N,41468.8,-6.5
SESFRYSPDFLNCH-UHFFFAOYSA-N,21864.66,-9.0
RPVGLMKJGQMQSN-UHFFFAOYSA-N,20691.09,-7.8
AAQOQKQBGPPFNS-UHFFFAOYSA-N,19867.71,-6.7
NMWQEPCLNXHPDX-UHFFFAOYSA-N,37080.9,-9.0
OJLHWPALWODJPQ-QNWVGRARSA-N,35926.39,-7.6
NIVZHWNOUVJHKV-UHFFFAOYSA-N,18532.62,-7.0
OJCPSBCUMRIPFL-HNNXBMFYSA-N,24939.56,-6.6
QCTBMLYLENLHLA-UHFFFAOYSA-N,33135.01,-6.7
FDKXTQMXEQVLRF-ZHACJKMWSA-N,19443.6,-6.3
JGTJANXYSNVLMQ-GOSISDBHSA-N,32693.69,-8.7
UHWVSEOVJBQKBE-UHFFFAOYSA-N,35205.68,-7.7
ABJKIHHNDMEBNA-UHFFFAOYSA-N,38834.75,-7.7
BMKDZUISNHGIBY-SSDOTTSWSA-N,14014.25,-7.8
SPPTWHFVYKCNNK-FQEVSTJZSA-N,38965.34,-11.9
RNLQIBCLLYYYFJ-UHFFFAOYSA-N,14627.95,-7.9
XOXHILFPRYWFOD-UHFFFAOYSA-N,29091.67,-8.7
BMKDZUISNHGIBY-ZETCQYMHSA-N,13189.51,-8.4
KJVQYDYPDFFJMP-UHFFFAOYSA-N,25318.64,-7.7
KTGWBBOJAGDSHN-UHFFFAOYSA-N,31198.68,-6.0
OINXXHYENYVYPB-UHFFFAOYSA-N,33609.36,-7.2
MTCFGRXMJLQNBG-REOHCLBHSA-N,36975.77,-4.4
WUFWNWSUSBGBSH-UHFFFAOYSA-N,34910.39,-6.8
LXBIFEVIBLOUGU-DPYQTVNSSA-N,18631.22,-5.5
RRAFCDWBNXTKKO-UHFFFAOYSA-N,26608.93,-6.9
UYXHCVFXDBNRQW-UHFFFAOYSA-N,12572.53,-7.5
ULSIYEODSMZIPX-MRVPVSSYSA-N,26195.34,-6.2
DJQOOSBJCLSSEY-UHFFFAOYSA-N,16714.54,-6.0
OBKXEAXTFZPCHS-UHFFFAOYSA-N,37695.66,-7.0
VDPYMEBVIDZKMD-UHFFFAOYSA-N,18787.31,-8.9
WQDZHQZKJMNOAY-KRWDZBQOSA-N,18759.01,-8.6
DUDKAZCAISNGQN-FQEVSTJZSA-N,31654.12,-8.4
PTBKFATYSVLSSD-UHFFFAOYSA-N,29054.9,-6.3
UJRRDDHEMZLWFI-UHFFFAOYSA-N,38359.79,-6.2
NCEXYHBECQHGNR-QZQOTICOSA-N,28443.38,-9.0
NOPFSRXAKWQILS-UHFFFAOYSA-N,34372.07,-7.6
IGISNRIWPJVXDB-VIFPVBQESA-N,30750.42,-6.8
OJYGBLRPYBAHRT-IPQSZEQASA-N,37957.26,-7.1
CGYQGGSMYNXXIV-IBGZPJMESA-N,34457.41,-9.1
HJZKOAYDRQLPME-UHFFFAOYSA-N,34867.9,-5.5
QHJOIAXHOQIPJT-UHFFFAOYSA-N,30293.69,-5.9
NEIPZWZQHXCYDV-RFZPGFLSSA-N,30429.64,-4.8
XDXDZDZNSLXDNA-TZNDIEGXSA-N,37440.76,-8.1
SQQCWHCJRWYRLB-GCDIXUMDSA-N,20309.33,-7.7
YEJZJVJJPVZXGX-MRXNPFEDSA-N,13921.99,-7.8
KPSRODZRAIWAKH-JTQLQIEISA-N,21330.75,-7.2
AURFZBICLPNKBZ-YZRLXODZSA-N,29200.55,-7.8
XQLWNAFCTODIRK-MUUNZHRXSA-N,29654.37,-7.0
OTGAHJPFNKQGAE-UHFFFAOYSA-N,32457.91,-6.8
OMHBPUNFVFNHJK-UHFFFAOYSA-P,33658.95,-6.6
MVOUIYUWRXPNKD-UHFFFAOYSA-N,16266.81,-5.6
GXRZIMHKGDIBEW-UHFFFAOYSA-N,32422.37,-6.3
SAZUGELZHZOXHB-UHFFFAOYSA-N,29650.98,-6.7
CREICILGVGNQBH-UHFFFAOYSA-N,38649.41,-8.2
PXBVEXGRHZFEOF-QGZVFWFLSA-N,38742.34,-8.6
YAHRDLICUYEDAU-RNFRBKRXSA-N,26213.32,-5.1
UBAJTZKNDCEGKL-UHFFFAOYSA-N,32071.74,-8.9
XIHXRRMCNSMUET-UHFFFAOYSA-N,15263.6,-7.7
BKCXTZWLBPOGRU-XQHKEYJVSA-N,28237.78,-7.1
OMOMUFTZPTXCHP-UHFFFAOYSA-N,29116.87,-5.7
LCFBCKSQWVQIBY-UYAOXDASSA-N,32115.91,-8.8
FTCYIGBVOHNHCD-UHFFFAOYSA-N,44353.8,-5.8
ZXVNMYWKKDOREA-UHFFFAOYSA-N,32689.52,-9.0
STLZCUYBVPNYED-UHFFFAOYSA-N,30526.42,-7.4
WFPIAZLQTJBIFN-UHFFFAOYSA-N,34065.93,-7.6
FYJJXENSONZJRG-UHFFFAOYSA-N,33752.53,-8.2
AFSYRVDDZGJTIL-OCAPTIKFSA-N,45294.59,-5.3
HFXKQSZZZPGLKQ-MRVPVSSYSA-N,24502.25,-5.8
NZUPCNDJBJXXRF-LURJTMIESA-O,27791.3,-4.9
QPCDCPDFJACHGM-UHFFFAOYSA-N,22104.78,-7.2
IQWCBYSUUOFOMF-QTLFRQQHSA-N,31379.51,-6.9
WREGKURFCTUGRC-POYBYMJQSA-N,32630.04,-7.6
XREUEWVEMYWFFA-CSKJXFQVSA-N,32363.06,-7.8
KJAMZCVTJDTESW-UHFFFAOYSA-N,32386.04,-8.2
IBGBGRVKPALMCQ-UHFFFAOYSA-N,30711.17,-6.1
FJCFFCXMEXZEIM-UHFFFAOYSA-N,34581.5,-6.2
STUWGJZDJHPWGZ-LBPRGKRZSA-N,34730.34,-11.5
CYZWCBZIBJLKCV-OALRPVAKSA-N,21792.04,-5.4
MITFXPHMIHQXPI-SECBINFHSA-N,29694.11,-10.4
CUHVIMMYOGQXCV-NSHDSACASA-N,39361.5,-8.6
BXWNKGSJHAJOGX-UHFFFAOYSA-N,35682.8,-6.7
KTOAWCPDBUCJED-UHFFFAOYSA-N,35969.84,-7.7
FWTXWYXPXGKVJG-VIFPVBQESA-N,29881.67,-7.1
KINWYTAUPKOPCQ-YFKPBYRVSA-N,32804.02,-5.1
XQCGNURMLWFQJR-ZNDDOCHDSA-N,33982.77,-9.1
WFPIAZLQTJBIFN-DVZOWYKESA-N,34515.61,-9.0
LDCRTTXIJACKKU-ONEGZZNKSA-N,35622.23,-5.0
OXLKOMYHDYVIDM-UHFFFAOYSA-N,7190.45,-8.8
GFFGJBXGBJISGV-UHFFFAOYSA-N,33361.91,-5.8
CXOFVDLJLONNDW-UHFFFAOYSA-N,28889.13,-7.7
VFKZTMPDYBFSTM-GUCUJZIJSA-N,18781.22,-5.3
DJUFPMUQJKWIJB-UHFFFAOYSA-N,33200.12,-8.1
VSTNNAYSCJQCQI-ZLNRFVROSA-N,36169.27,-8.4
DBGIVFWFUFKIQN-VIFPVBQESA-N,17234.94,-8.1
LCQLHJZYVOQKHU-VKHMYHEASA-N,34342.21,-6.0
IEJXVRYNEISIKR-UHFFFAOYSA-N,29017.04,-7.5
CNNRPFQICPFDPO-UHFFFAOYSA-N,32212.59,-6.7
WUBBRNOQWQTFEX-UHFFFAOYSA-N,38023.56,-6.4
YNBADRVTZLEFNH-UHFFFAOYSA-N,39391.38,-5.7
NZHGWWWHIYHZNX-CSKARUKUSA-N,34632.61,-9.8
JYTNQNCOQXFQPK-MRXNPFEDSA-N,28574.82,-9.0
XBBDACCLCFWBSI-ZETCQYMHSA-N,27215.21,-7.3
VGLGVJVUHYTIIU-LLVKDONJSA-N,25076.56,-7.5
KPYSYYIEGFHWSV-QMMMGPOBSA-N,11301.63,-7.3
MQJKPEGWNLWLTK-UHFFFAOYSA-N,15246.6,-8.2
URJQOOISAKEBKW-UHFFFAOYSA-N,26376.11,-6.6
JWPGJSVJDAJRLW-UHFFFAOYSA-N,31436.79,-8.2
BUCJFFQZPGTGPX-UHFFFAOYSA-N,26875.01,-8.5
DRBBFCLWYRJSJZ-UHFFFAOYSA-N,24505.44,-6.1
CYFLXLSBHQBMFT-UHFFFAOYSA-N,26946.88,-8.5
ZNEWHQLOPFWXOF-UHFFFAOYSA-N,30060.92,-3.9
MCJGNVYPOGVAJF-UHFFFAOYSA-N,31091.86,-7.2
VMIYHDSEFNYJSL-UHFFFAOYSA-N,30542.16,-6.9
YUXIBTJKHLUKBD-UHFFFAOYSA-N,34575.03,-6.2
PYZRQGJRPPTADH-UHFFFAOYSA-N,29832.43,-6.4
WHUUTDBJXJRKMK-VKHMYHEASA-N,24567.37,-5.6
UGJWZYARKOFRDB-UHFFFAOYSA-O,14786.34,-6.8
UBQNRHZMVUUOMG-UHFFFAOYSA-N,23359.16,-8.3
DQMZLTXERSFNPB-UHFFFAOYSA-N,19556.69,-6.8
ADBFDJQRBQZXAB-UHFFFAOYSA-N,30778.2,-8.1
WQYRHRAZNNRDIA-UHFFFAOYSA-N,19656.06,-7.4
WVRIPRILKKOIQL-UHFFFAOYSA-N,11795.45,-6.9
AXNKGLDCLYLVLQ-UHFFFAOYSA-N,32214.22,-7.7
NJCBUSHGCBERSK-UHFFFAOYSA-N,27539.74,-7.5
QCDFBFJGMNKBDO-UHFFFAOYSA-N,32758.71,-7.6
NTEDWGYJNHZKQW-DGMDOPGDSA-N,30759.48,-5.4
YEKQSSHBERGOJK-UHFFFAOYSA-N,21314.3,-8.1
JXSJBGJIGXNWCI-MRVPVSSYSA-N,26947.43,-6.3
NVBZUCIQNYPGCI-CTYIDZIISA-N,26335.9,-8.8
IZOYMGQQVNAMHS-UHFFFAOYSA-N,27549.15,-7.5
PTXGHCGBYMQQIG-RRHRGVEJSA-N,25967.13,-7.8
RDJGLLICXDHJDY-LLVKDONJSA-N,20409.34,-9.2
DQGFCLJXYFXXIJ-UHFFFAOYSA-N,13088.12,-8.5
DYDCUQKUCUHJBH-UWTATZPHSA-N,26290.99,-4.5
WYDUSKDSKCASEF-IBGZPJMESA-N,8262.54,-9.7
MFOCDFTXLCYLKU-CMPLNLGQSA-N,32353.71,-8.1
OFCNXPDARWKPPY-UHFFFAOYSA-N,21371.5,-5.7
YEKMWXFHPZBZLR-VIFPVBQESA-N,27496.39,-8.3
XCDXSSFOJZZGQC-UHFFFAOYSA-N,27395.62,-8.2
SQYNKIJPMDEDEG-KXGDERBTSA-N,25605.47,-5.3
QZMQDHNCNUGQSO-UHFFFAOYSA-N,32581.46,-5.6
HJCMDXDYPOUFDY-WHFBIAKZSA-N,20385.68,-6.4
FMCGSUUBYTWNDP-ONGXEEELSA-N,28583.74,-7.2
OUBCNLGXQFSTLU-UHFFFAOYSA-N,30778.15,-10.5
YQEZLKZALYSWHR-CYBMUJFWSA-N,15682.78,-7.7
YUGZHQHSNYIFLG-FQEVSTJZSA-N,6579.65,-10.5
HXRSXEDVVARPHP-UHFFFAOYSA-N,29542.17,-8.8
CMSMOCZEIVJLDB-AWEZNQCLSA-N,28527.04,-6.5
HIANJWSAHKJQTH-UHFFFAOYSA-N,25004.77,-9.5
PWHROYKAGRUWDQ-UHFFFAOYSA-N,29851.91,-9.8
ZEMGGZBWXRYJHK-UHFFFAOYSA-N,30639.11,-5.2
QELUYTUMUWHWMC-UHFFFAOYSA-N,33364.27,-7.9
UGJMXCAKCUNAIE-UHFFFAOYSA-N,28152.45,-6.2
HWKQNAWCHQMZHK-UHFFFAOYSA-N,21197.67,-5.9
STDBAQMTJLUMFW-UHFFFAOYSA-N,26174.48,-6.9
FDDDEECHVMSUSB-UHFFFAOYSA-N,15879.59,-6.4
QPFYXYFORQJZEC-FOCLMDBBSA-N,22990.39,-8.6
MNSQDVCVWNXBFQ-UHFFFAOYSA-N,26006.48,-8.8
QFVDKARCPMTZCS-UHFFFAOYSA-N,26915.26,-7.2
UUTKICFRNVKFRG-WDSKDSINSA-N,18213.88,-6.8
MGIZPPBLEKKZPZ-UHFFFAOYSA-N,23375.04,-9.1
VNFAARJCGSAROU-CYBMUJFWSA-N,28825.01,-8.9
RJFAYQIBOAGBLC-BYPYZUCNSA-N,26155.44,-4.9
LPLVUJXQOOQHMX-QWBHMCJMSA-N,27297.53,-8.4
PHPUXYRXPHEJDF-UHFFFAOYSA-N,25361.18,-9.1
VXROHTDSRBRJLN-UHFFFAOYSA-O,24695.37,-7.7
RXQCGGRTAILOIN-UHFFFAOYSA-N,23430.77,-6.8
FTQDJVZNPJRVPG-XWEVEMRCSA-N,26462.68,-7.5
DAFOCGYVTAOKAJ-VIFPVBQESA-N,21703.78,-7.1
DBZJJPROPLPMSN-UHFFFAOYSA-N,25812.93,-8.2
VKYKSIONXSXAKP-UHFFFAOYSA-N,16152.3,-4.6
RVOLLAQWKVFTGE-UHFFFAOYSA-N,26633.5,-6.4
BAINIUMDFURPJM-UHFFFAOYSA-N,30330.51,-10.5
GAZGHCHCYRSPIV-SNVBAGLBSA-N,31637.85,-7.5
LCTZPQRFOZKZNK-UHFFFAOYSA-N,30418.61,-10.0
KQKPFRSPSRPDEB-UHFFFAOYSA-N,33032.7,-8.8
ZWGPHQZXAPWKOV-UHFFFAOYSA-N,33274.87,-6.9
FXNYSZHYMGWWEZ-UHFFFAOYSA-N,31845.87,-5.9
PIDFDZJZLOTZTM-KHVQSSSXSA-N,25905.32,-9.4
WIXFIQKTHUVFDI-LLVKDONJSA-N,34509.99,-8.3
NGHTXZCKLWZPGK-UHFFFAOYSA-N,19706.44,-9.2
QFGMXJOBTNZHEL-UHFFFAOYSA-N,22469.01,-9.2
YRCRRHNVYVFNTM-SCSAIBSYSA-N,28288.67,-5.1
RGPDEAGGEXEMMM-QGZVFWFLSA-N,16519.18,-8.0
XMQICEWOKPEQRG-UHFFFAOYSA-N,17247.47,-6.5
WRCHFMBCVFFYEQ-KRWDZBQOSA-N,27444.95,-7.6
GQZQCROBCYNTMU-UHFFFAOYSA-N,22482.39,-7.3
SQUNAWUMZGQQJD-CQSZACIVSA-N,30497.41,-9.0
FWJKNZONDWOGMI-UHFFFAOYSA-N,18522.17,-6.9
CUCHJCMWNFEYOM-INIZCTEOSA-N,26822.14,-7.7
VHSBBVZJABQOSG-INIZCTEOSA-N,24100.84,-9.1
SGDBTWWWUNNDEQ-LBPRGKRZSA-N,26719.26,-7.3
UBVZQGOVTLIHLH-UHFFFAOYSA-N,6624.45,-9.4
FYZGXAKJVDHGDR-UHFFFAOYSA-N,16424.22,-7.1
AQIXAKUUQRKLND-UHFFFAOYSA-N,14578.68,-7.1
HVAKUYCEWDPRCA-UHFFFAOYSA-N,29877.28,-9.5
OPNPQXLQERQBBV-UHFFFAOYSA-N,23325.21,-6.0
LEBVLXFERQHONN-INIZCTEOSA-N,13691.3,-7.6
RFHAOTPXVQNOHP-UHFFFAOYSA-N,23943.41,-8.1
BULMIDNYAWYAMZ-UWTATZPHSA-N,20274.84,-5.9
DUHUCHOQIDJXAT-OLVMNOGESA-N,23127.97,-7.9
UXZFQZANDVDGMM-UHFFFAOYSA-N,26260.83,-7.4
SAPNXPWPAUFAJU-UHFFFAOYSA-N,27675.68,-7.6
XDDJGVMJFWAHJX-AWEZNQCLSA-N,25771.64,-7.4
MKUXAQIIEYXACX-UHFFFAOYSA-N,22339.71,-7.0
SGRUZFCHLOFYHZ-MWLCHTKSSA-N,24460.21,-7.6
PDTFCHSETJBPTR-UHFFFAOYSA-N,28425.94,-6.4
MLCGWPUVZKTVLO-UHFFFAOYSA-N,25923.91,-8.9
SIYLLGKDQZGJHK-UHFFFAOYSA-N,4514.28,-8.7
KAVGMUDTWQVPDF-UHFFFAOYSA-N,27911.17,-6.7
XVUQHFRQHBLHQD-UHFFFAOYSA-N,26163.29,-10.2
VRDIULHPQTYCLN-UHFFFAOYSA-N,29901.72,-6.7
MJVAVZPDRWSRRC-UHFFFAOYSA-N,27503.29,-8.4
BLXXJMDCKKHMKV-UHFFFAOYSA-N,28670.33,-8.7
DPWPWRLQFGFJFI-UHFFFAOYSA-N,14984.22,-6.7
OLAOYPRJVHUHCF-UHFFFAOYSA-N,27006.96,-6.0
JXDFEQONERDKSS-UHFFFAOYSA-N,28256.53,-4.8
VGQLNJWOULYVFV-SPJNRGJMSA-N,27425.41,-6.9
VPJXQGSRWJZDOB-UHFFFAOYSA-O,26913.43,-4.6
YDSAJOSZKLMHFJ-ZCFIWIBFSA-N,27597.03,-6.1
CKNOLMVLQUPVMU-YMMLYESFSA-N,28799.68,-7.7
OMWQUXGVXQELIX-UHFFFAOYSA-N,17590.59,-5.9
DYODAJAEQDVYFX-UHFFFAOYSA-N,27958.49,-7.3
ISWRGOKTTBVCFA-UHFFFAOYSA-N,25609.73,-8.5
ISAOCJYIOMOJEB-CYBMUJFWSA-N,22408.38,-9.1
LQJARUQXWJSDFL-UHFFFAOYSA-N,13155.02,-6.8
HHFOOWPWAXNJNY-SECBINFHSA-N,9370.03,-5.3
CPJSUEIXXCENMM-UHFFFAOYSA-N,18358.25,-6.9
GYDJEQRTZSCIOI-LJGSYFOKSA-N,17435.53,-6.6
XGNKHIPCARGLGS-UHFFFAOYSA-N,22641.11,-7.5
DYZJXZOQQRXDLE-AWEZNQCLSA-O,5894.87,-8.1
MROJXXOCABQVEF-UHFFFAOYSA-N,21421.73,-7.6
RYYCJUAHISIHTL-UHFFFAOYSA-N,21822.46,-6.0
DFEYYRMXOJXZRJ-UHFFFAOYSA-N,19369.48,-6.1
FFYNAVGJSYHHFO-NRFANRHFSA-N,5232.15,-9.8
SVEBYYWCXTVYCR-LBPRGKRZSA-N,17563.16,-7.6
SKIVFJLNDNKQPD-UHFFFAOYSA-N,18862.63,-7.7
UMJHTFHIQDEGKB-UHFFFAOYSA-N,16758.18,-8.2
YNJBWRMUSHSURL-UHFFFAOYSA-N,20245.37,-5.0
ZELCNSAUMHNSSU-ISLYRVAYSA-N,7710.51,-7.9
VJZITPJGSQKZMX-XDPRQOKASA-N,21451.58,-9.3
QZVNQOLPLYWLHQ-ZEQKJWHPSA-N,19187.32,-9.3
YXSLJKQTIDHPOT-LJCJQEJUSA-N,20202.46,-7.0
HYIMSNHJOBLJNT-UHFFFAOYSA-N,20833.2,-6.6
UVTLONZTPXCUPU-ZNMIVQPWSA-N,22465.66,-7.4
SUAJWTBTMNHVBZ-GSVOUGTGSA-N,14627.04,-5.3
XWZXRENCCHMZNF-RXMQYKEDSA-N,20781.73,-5.9
ZQMQGBHQZZQTJE-UHFFFAOYSA-N,21166.48,-9.2
GHASVSINZRGABV-UHFFFAOYSA-N,13300.89,-5.5
ZFXYFBGIUFBOJW-UHFFFAOYSA-N,23062.13,-6.9
WKGXYQFOCVYPAC-UHFFFAOYSA-N,25528.07,-7.9
NTHXOOBQLCIOLC-GARJFASQSA-N,12613.5,-6.4
SFITWQDBYUMAPS-UHFFFAOYSA-N,15132.32,-8.9
RDHQFKQIGNGIED-MRVPVSSYSA-N,14611.33,-5.6
OLBWFRRUHYQABZ-MRVPVSSYSA-N,16756.19,-7.5
OJSFTALXCYKKFQ-YLJYHZDGSA-N,22019.11,-9.9
KRZCNRGNPAESDC-UHFFFAOYSA-N,24675.56,-6.6
OCSOHUROTFFTFO-QMMMGPOBSA-N,11898.91,-7.1
RGLYKWWBQGJZGM-ISLYRVAYSA-N,16513.34,-7.7
GAWOVNGQYQVFLI-UHFFFAOYSA-N,12305.09,-7.4
YHKPTICJRUESOY-UHFFFAOYSA-N,18455.18,-6.3
XZWYZXLIPXDOLR-UHFFFAOYSA-N,21681.04,-5.4
ASWVTGNCAZCNNR-UHFFFAOYSA-N,24331.34,-8.6
AIONOLUJZLIMTK-AWEZNQCLSA-N,4922.67,-8.2
ACCMWZWAEFYUGZ-UHFFFAOYSA-N,4344.89,-9.9
JAYAGJDXJIDEKI-BNNXBDHTSA-N,23210.47,-9.1
OOVJCSPCMCAXEX-UHFFFAOYSA-N,7586.21,-8.6
HSTZMXCBWJGKHG-CUYWLFDKSA-N,7004.71,-10.7
UORJNBVJVRLXMQ-UHFFFAOYSA-N,22662.32,-5.9
ZGNRRVAPHPANFI-UHFFFAOYSA-N,20704.89,-6.9
ANZXOIAKUNOVQU-OAHLLOKOSA-N,9168.58,-7.6
CORFWQGVBFFZHF-AKGSDVBQSA-N,9414.63,-7.4
VPPJLAIAVCUEMN-GFCCVEGCSA-N,21725.1,-8.1
BRZANEXCSZCZCI-UHFFFAOYSA-N,22595.2,-9.8
XUJNEKJLAYXESH-REOHCLBHSA-N,22784.6,-4.2
DFPJEJKMDZFZHC-GHVJWSGMSA-N,22516.0,-10.5
IQFYYKKMVGJFEH-CSMHCCOUSA-N,22613.52,-7.9
XFYDIVBRZNQMJC-UHFFFAOYSA-N,21533.97,-8.4
BSHWLCACYCVCJE-REWPJTCUSA-N,22845.51,-10.1
IUNJANQVIJDFTQ-TUAOUCFPSA-N,23576.38,-6.4
QCWJONLQSHEGEJ-UHFFFAOYSA-N,26838.7,-4.5
FGXWKSZFVQUSTL-UHFFFAOYSA-N,22962.87,-10.6
VSRBKQFNFZQRBM-ZETCQYMHSA-N,20891.93,-5.0
NCNRHFGMJRPRSK-UHFFFAOYSA-N,18366.74,-10.2
ZJIJAJXFLBMLCK-UHFFFAOYSA-N,26622.4,-7.9
WHLUQAYNVOGZST-UHFFFAOYSA-N,3939.33,-6.5
OATDVDIMNNZTEY-DAXLTYESSA-N,21445.41,-9.0
MPOYJPINNSIHAK-UHFFFAOYSA-N,21321.44,-7.0
VYAGDYWTCWDKIS-MRVPVSSYSA-N,6394.4,-5.4
YMVWGSQGCWCDGW-UHFFFAOYSA-N,19585.45,-8.4
IQVRBWUUXZMOPW-PKNBQFBNSA-N,23798.58,-7.7
BWSSMIJUDVUASQ-AWEZNQCLSA-N,21416.6,-8.7
PXLVRFQEBVNJOH-SECBINFHSA-N,18278.91,-8.7
YEJCDKJIEMIWRQ-UHFFFAOYSA-N,12311.15,-8.4
HXCXASJHZQXCKK-UHFFFAOYSA-N,23020.22,-7.3
BCQTVJKBTWGHCX-UHFFFAOYSA-N,18030.74,-9.2
GMVPRGQOIOIIMI-DWKJAMRDSA-N,19767.96,-7.6
QWCRAEMEVRGPNT-UHFFFAOYSA-N,8251.49,-9.9
NEDPPCHNEOMTJV-UHFFFAOYSA-N,5890.67,-9.6
RDEOYUSTRWNWLX-KRWDZBQOSA-N,22459.87,-8.7
MQXVYODZCMMZEM-ZYUZMQFOSA-N,23390.82,-6.1
OZGNYLLQHRPOBR-DHZHZOJOSA-N,5852.92,-10.8
BIDUPMYXGFNAEJ-APGVDKLISA-N,21809.08,-6.7
KPQZUUQMTUIKBP-RXMQYKEDSA-N,24972.19,-6.2
JLVSRWOIZZXQAD-GSVOUGTGSA-N,22939.18,-4.3
CWXYHOHYCJXYFQ-UHFFFAOYSA-N,13438.14,-7.6
OCOKWVBYZHBHLU-UHFFFAOYSA-N,7458.84,-7.1
BCQZXOMGPXTTIC-PVQJCKRUSA-N,17450.89,-4.6
FKKUMFTYSTZUJG-UHFFFAOYSA-N,15586.91,-7.4
BFPSDSIWYFKGBC-UHFFFAOYSA-N,22196.27,-6.9
OLBCVFGFOZPWHH-UHFFFAOYSA-N,8662.46,-7.8
OMPJBNCRMGITSC-UHFFFAOYSA-N,23525.0,-9.2
GBPZSCQLDXUGNO-NSHDSACASA-N,17518.62,-9.5
YPIQVCUJEKAZCP-UHFFFAOYSA-N,27297.11,-7.1
AKPLHCDWDRPJGD-UHFFFAOYSA-N,8123.39,-7.7
QWCJHSGMANYXCW-UHFFFAOYSA-N,23477.29,-9.7
TZXKOCQBRNJULO-UHFFFAOYSA-N,28927.95,-5.9
VSZGPKBBMSAYNT-RRFJBIMHSA-N,21145.06,-7.5
CULUWZNBISUWAS-UHFFFAOYSA-N,21539.41,-7.3
CJOFXWAVKWHTFT-XSFVSMFZSA-N,21310.66,-9.0
QIHLUZAFSSMXHQ-UHFFFAOYSA-N,18907.38,-8.0
LEBVLXFERQHONN-MRXNPFEDSA-N,5287.96,-9.1
AELCINSCMGFISI-DTWKUNHWSA-N,20452.01,-6.8
YQEZLKZALYSWHR-ZDUSSCGKSA-N,10758.43,-8.3
XACKNLSZYYIACO-DJLDLDEBSA-N,20360.57,-8.1
LZRDDINFIHUVCX-UHFFFAOYSA-N,21338.87,-7.1
UFAHZIUFPNSHSL-MRVPVSSYSA-O,16505.95,-6.0
AJKIRUJIDFJUKJ-UHFFFAOYSA-N,25139.68,-7.7
WRYZEGZNBYOMLE-UHFFFAOYSA-N,20207.59,-6.3
YIQPUIGJQJDJOS-UHFFFAOYSA-N,20615.05,-8.6
RZXZIZDRFQFCTA-PVQJCKRUSA-N,24982.93,-4.8
JVYKJZPZFIUYAB-UHFFFAOYSA-N,19698.08,-8.2
XPFRXWCVYUEORT-UHFFFAOYSA-N,24443.18,-8.0
AQCHWTWZEMGIFD-JTQLQIEISA-N,22755.65,-7.9
RKHQGWMMUURILY-UHRZLXHJSA-N,22867.73,-8.9
UMWAUEZOGHNSCH-SECBINFHSA-N,19113.87,-7.3
LBRNZQRZDLLIHL-LJQANCHMSA-N,6617.38,-7.2
GOIQOQCNFWYSTQ-RXMQYKEDSA-N,26360.65,-5.6
VCRQLDNIOXNDMT-UHFFFAOYSA-N,19193.52,-7.9
WHXMKTBCFHIYNQ-SECBINFHSA-N,23228.33,-9.9
QTNZYVAMNRDUAD-UHFFFAOYSA-N,19654.93,-7.6
SJDACOMXKWHBOW-UHFFFAOYSA-N,23728.7,-8.1
SBNKFTQSBPKMBZ-UHFFFAOYSA-N,13377.81,-6.9
GVPIXRLYKVFFMK-UHFFFAOYSA-N,23284.56,-7.5
DB11989,21923.62,-8.1
XYFLWVOTXWXNAM-WTNNCJBMSA-N,21560.03,-9.9
SPLVKBMIQSSFFN-UHFFFAOYSA-N,19008.59,-7.2
WOUOLAUOZXOLJQ-MBSDFSHPSA-N,22755.67,-9.9
CNBHDDBNEKKMJH-ZFWWWQNUSA-N,14627.82,-8.3
RJIWZDNTCBHXAL-UHFFFAOYSA-N,23122.41,-7.6
KUAZQDVKQLNFPE-UHFFFAOYSA-N,19842.67,-5.1
NASXCEITKQITLD-UHFFFAOYSA-N,21908.86,-10.6
PXQPEWDEAKTCGB-UHFFFAOYSA-N,23050.39,-6.2
LQGIXNQCOXNCRP-UHFFFAOYSA-N,24011.13,-7.2
KYIAWOXNPBANEW-LURJTMIESA-N,10811.22,-6.7
GZKLJWGUPQBVJQ-UHFFFAOYSA-N,23132.32,-9.7
HJDYAOBDPZQHOD-SFHVURJKSA-N,23263.57,-8.2
BOFQWVMAQOTZIW-UHFFFAOYSA-N,21851.54,-9.1
VYWWNRMSAPEJLS-UPKJDFJRSA-N,8498.13,-6.6
QPADNTZLUBYNEN-UHFFFAOYSA-N,20734.85,-6.7
PRFPQYGTPKDLHJ-LLVKDONJSA-N,15434.89,-7.5
UQRORFVVSGFNRO-UTINFBMNSA-N,15913.51,-5.9
DHHVAGZRUROJKS-UHFFFAOYSA-N,27562.06,-6.8
KRKNYBCHXYNGOX-UHFFFAOYSA-N,18736.85,-5.4
CBHCDHNUZWWAPP-OAHLLOKOSA-N,5718.41,-9.8
PFENFDGYVLAFBR-UHFFFAOYSA-N,20169.8,-9.2
VWFCHDSQECPREK-LURJTMIESA-N,22864.03,-6.6
WBLPIVIXQOFTPQ-HTRCEHHLSA-N,18064.58,-5.8
RMMXTBMQSGEXHJ-UHFFFAOYSA-N,13917.3,-8.3
JRFKIOFLCXKVOT-UHFFFAOYSA-N,7474.73,-6.2
RDOIQAHITMMDAJ-UHFFFAOYSA-N,18231.38,-7.6
ZKMNUMMKYBVTFN-HNNXBMFYSA-N,4309.13,-8.3
IUWVALYLNVXWKX-UHFFFAOYSA-N,11237.32,-7.3
OOBHFESNSZDWIU-ONGXEEELSA-N,12034.0,-8.3
HTMIBDQKFHUPSX-AWEZNQCLSA-N,5289.94,-9.4
UCHDWCPVSPXUMX-TZIWLTJVSA-N,18958.89,-11.7
JQKHJQJVKRFMCO-SNAWJCMRSA-N,16898.49,-8.8
HDOZVRUNCMBHFH-UHFFFAOYSA-N,17636.83,-8.0
ISEHJSHTIVKELA-VDFGSOQMSA-N,8905.35,-7.7
MOYGZHXDRJNJEP-HHHXNRCGSA-N,18373.27,-12.7
GXDALQBWZGODGZ-UHFFFAOYSA-N,15799.19,-10.2
STQGQHZAVUOBTE-VGBVRHCVSA-N,21925.26,-8.7
LVWZTYCIRDMTEY-UHFFFAOYSA-N,9598.92,-7.2
AGBQKNBQESQNJD-ZETCQYMHSA-N,17197.9,-6.2
XOVJAYNMQDTIJD-MRVPVSSYSA-N,18273.26,-6.9
CTRLABGOLIVAIY-UHFFFAOYSA-N,8328.32,-7.5
NENBAISIHCWPKP-UHFFFAOYSA-N,16480.47,-7.7
DPNGIIPSQYKWQA-AVGNSLFASA-N,17166.92,-7.7
PJDFLNIOAUIZSL-YFKPBYRVSA-N,15121.18,-5.3
MOODSJOROWROTO-UHFFFAOYSA-N,17302.73,-7.7
ZPEIMTDSQAKGNT-UHFFFAOYSA-N,12103.16,-6.4
PUUSSSIBPPTKTP-UHFFFAOYSA-N,12963.05,-5.4
QELSKZZBTMNZEB-UHFFFAOYSA-N,14113.52,-7.0
QRCJOCOSPZMDJY-BQBZGAKWSA-N,17775.35,-6.0
GZSOSUNBTXMUFQ-YFAPSIMESA-N,21008.11,-9.8
GVGLGOZIDCSQPN-PVHGPHFFSA-N,17063.72,-8.1
GBBSUAFBMRNDJC-INIZCTEOSA-N,18513.39,-10.5
LPQZKKCYTLCDGQ-WEDXCCLWSA-N,18909.19,-6.8
GVEAYVLWDAFXET-XGHATYIMSA-N,18815.94,-8.8
ILROKGAXBGPFAI-UHFFFAOYSA-N,5756.06,-7.7
JWIXXNLOKOAAQT-UHFFFAOYSA-N,17302.66,-8.7
JPGQOUSTVILISH-PVQJCKRUSA-N,14757.78,-5.6
HAPOVYFOVVWLRS-ZETCQYMHSA-N,14637.43,-5.8
BEWNZPMDJIGBED-GFCCVEGCSA-N,12031.68,-9.6
BSYNRYMUTXBXSQ-UHFFFAOYSA-N,18559.18,-7.3
KBOPZPXVLCULAV-UHFFFAOYSA-N,26752.4,-6.2
NAPSCFZYZVSQHF-UHFFFAOYSA-N,20535.89,-7.1
WMPXPUYPYQKQCX-UHFFFAOYSA-N,19180.64,-8.4
QIVBCDIJIAJPQS-VIFPVBQESA-N,22348.23,-7.9
UGQMRVRMYYASKQ-KQYNXXCUSA-N,21170.97,-8.2
DLGOEMSEDOSKAD-UHFFFAOYSA-N,14630.34,-5.8
WRJPSSPFHGNBMG-VIFPVBQESA-N,17503.42,-6.2
FODQIVGFADUBKE-MRVPVSSYSA-N,9327.25,-5.5
FSVJFNAIGNNGKK-KRWDZBQOSA-N,19736.54,-7.9
OYCGKECKIVYHTN-UHFFFAOYSA-N,16962.28,-9.0
BJVVMKUXKQHWJK-SSDOTTSWSA-N,19393.8,-6.5
MXRGZXBFSKSZPH-LURJTMIESA-N,19076.81,-7.6
GFWRVVCDTLRWPK-UHFFFAOYSA-N,15057.88,-11.1
DXHYQIJBUNRPJT-UHFFFAOYSA-N,8964.66,-8.5
URNFTLVCQLRCMN-UHFFFAOYSA-N,18929.69,-8.8
FGQFOYHRJSUHMR-UHFFFAOYSA-N,12205.0,-7.8
SXYIRMFQILZOAM-HVNFFKDJSA-N,18802.88,-7.9
PRBORDFJHHAISJ-CYBMUJFWSA-N,17415.47,-7.2
USRHYDPUVLEVMC-FQEVSTJZSA-N,3490.51,-9.3
WXTMDXOMEHJXQO-UHFFFAOYSA-N,19662.55,-6.3
UAUIUKWPKRJZJV-QPLHLKROSA-N,16945.45,-10.4
PVBQYTCFVWZSJK-UHFFFAOYSA-N,15870.73,-4.9
ZVXBAHLOGZCFTP-UHFFFAOYSA-N,16184.52,-10.9
GVJHHUAWPYXKBD-IEOSBIPESA-N,17256.96,-9.6
MDJFHRLTPRPZLY-UHFFFAOYSA-N,19903.76,-7.0
NJKDOADNQSYQEV-OCAPTIKFSA-N,8467.08,-6.4
YAKWPXVTIGTRJH-QMMMGPOBSA-N,20958.43,-6.7
UDIIBEDMEYAVNG-ZKFPOVNWSA-N,20563.0,-6.9
DTOSIQBPPRVQHS-PDBXOOCHSA-N,19545.38,-7.7
VXTWEDPZMSVFEF-MRVPVSSYSA-N,12642.5,-7.0
KPIQXPLWZCDIHI-ISLYRVAYSA-N,19626.11,-8.8
HJLSLZFTEKNLFI-UHFFFAOYSA-N,17506.46,-7.1
YZMCKZRAOLZXAZ-UHFFFAOYSA-N,19193.86,-7.6
HOKDBMAJZXIPGC-MRXNPFEDSA-N,2740.08,-9.6
DHCUQNSUUYMFGX-UHFFFAOYSA-N,8710.0,-7.7
XWLUWCNOOVRFPX-UHFFFAOYSA-N,20854.21,-8.6
SQVIAVUSQAWMKL-JTQLQIEISA-N,9948.26,-6.9
VKQFCGNPDRICFG-SFHVURJKSA-N,18590.05,-6.7
DB12328,12041.8,-6.3
NPRHVSBSZMAEIN-NRFANRHFSA-N,17678.78,-6.5
QTGAJCQTLIRCFL-UHFFFAOYSA-N,16829.82,-7.7
SPOAFZKFCYREMW-UDHCHFQSSA-N,13909.01,-8.0
NCYVXEGFNDZQCU-UHFFFAOYSA-N,18239.74,-6.4
MYWUZJCMWCOHBA-SECBINFHSA-N,14252.5,-6.8
WEEGYLXZBRQIMU-WAAGHKOSSA-N,8413.48,-6.2
JIEKMACRVQTPRC-UHFFFAOYSA-N,19006.79,-10.0
MXUNKHLAEDCYJL-JTQLQIEISA-N,14238.48,-7.8
MDKGKXOCJGEUJW-VIFPVBQESA-N,8948.06,-9.0
STECJAGHUSJQJN-VJQRDGCPSA-N,17213.41,-9.0
KUEUWHJGRZKESU-UHFFFAOYSA-N,9679.97,-10.2
HTNPEHXGEKVIHG-QCNRFFRDSA-N,16625.31,-9.0
NQDJXKOVJZTUJA-UHFFFAOYSA-N,22961.72,-6.9
FVRDYQYEVDDKCR-DBRKOABJSA-N,17946.08,-7.8
QQOBRRFOVWGIMD-OJAKKHQRSA-N,20263.67,-8.0
PCOBBVZJEWWZFR-UHFFFAOYSA-N,9442.13,-9.5
KWTSXDURSIMDCE-QMMMGPOBSA-N,17179.64,-6.4
ZXFWVUHYOBPQHY-YUMQZZPRSA-N,20544.88,-6.8
WDDPHFBMKLOVOX-AYQXTPAHSA-N,16969.62,-8.6
HJYYPODYNSCCOU-PTWHBISLSA-N,18722.88,-8.2
JKOQGQFVAUAYPM-UHFFFAOYSA-N,3242.56,-5.2
NYPYHUZRZVSYKL-ZETCQYMHSA-N,17902.76,-7.7
WAFIYOULDIWAKR-NSHDSACASA-N,18014.66,-7.3
KLZWOWYOHUKJIG-BPUTZDHNSA-N,20202.98,-9.2
INJOMKTZOLKMBF-UHFFFAOYSA-N,17672.86,-8.7
OSASVXMJTNOKOY-UHFFFAOYSA-N,20404.29,-5.0
PHIQHXFUZVPYII-ZCFIWIBFSA-N,22215.91,-4.9
HWHLPVGTWGOCJO-FQEVSTJZSA-N,8715.47,-9.9
LVYLCBNXHHHPSB-UHFFFAOYSA-N,21355.22,-6.8
ONWXNHPOAGOMTG-UHFFFAOYSA-N,17542.37,-9.7
ORTYMGHCFWKXHO-UHFFFAOYSA-N,17992.5,-5.9
LKCWBDHBTVXHDL-RMDFUYIESA-N,19390.51,-6.8
GVTLAVKAVSKBKK-UHFFFAOYSA-N,23820.84,-7.6
KVEZIRCKNOTGKY-UHFFFAOYSA-N,10729.95,-6.6
RCUDFXMNPQNBDU-VOTSOKGWSA-N,8862.61,-9.1
PSWFFKRAVBDQEG-YGQNSOCVSA-N,17961.62,-9.3
MCPKSFINULVDNX-UHFFFAOYSA-N,11578.69,-9.8
RXRGZNYSEHTMHC-BQBZGAKWSA-N,23252.74,-7.2
UIDWQGRXEVDFCA-XCVCLJGOSA-N,17224.17,-8.4
HOKDBMAJZXIPGC-MRXNPFEDSA-N,2740.08,-7.5
DHCUQNSUUYMFGX-UHFFFAOYSA-N,8710.0,-7.6
XWLUWCNOOVRFPX-UHFFFAOYSA-N,20854.21,-8.6
SQVIAVUSQAWMKL-JTQLQIEISA-N,9948.26,-6.9
VKQFCGNPDRICFG-SFHVURJKSA-N,18590.05,-7.4
DB12328,12041.8,-6.2
NPRHVSBSZMAEIN-NRFANRHFSA-N,17678.78,-8.3
QTGAJCQTLIRCFL-UHFFFAOYSA-N,16829.82,-7.6
SPOAFZKFCYREMW-UDHCHFQSSA-N,13909.01,-7.9
NCYVXEGFNDZQCU-UHFFFAOYSA-N,18239.74,-6.4
MYWUZJCMWCOHBA-SECBINFHSA-N,14252.5,-6.8
WEEGYLXZBRQIMU-WAAGHKOSSA-N,8413.48,-6.2
JIEKMACRVQTPRC-UHFFFAOYSA-N,19006.79,-8.4
MXUNKHLAEDCYJL-JTQLQIEISA-N,14238.48,-7.8
MDKGKXOCJGEUJW-VIFPVBQESA-N,8948.06,-9.0
STECJAGHUSJQJN-VJQRDGCPSA-N,17213.41,-7.8
KUEUWHJGRZKESU-UHFFFAOYSA-N,9679.97,-9.0
HTNPEHXGEKVIHG-QCNRFFRDSA-N,16625.31,-8.8
NQDJXKOVJZTUJA-UHFFFAOYSA-N,22961.72,-6.9
FVRDYQYEVDDKCR-DBRKOABJSA-N,17946.08,-7.8
FRQGJOFRWIILCX-UHFFFAOYSA-N,15371.81,-6.4
NFHVTCJKAHYEQN-WMLDXEAASA-N,8965.74,-9.4
HXXFSFRBOHSIMQ-VFUOTHLCSA-N,19985.13,-6.7
GBFLZEXEOZUWRN-VKHMYHEASA-N,15084.55,-5.3
UWEYRJFJVCLAGH-XIXRPRMCSA-N,16207.09,-8.9
WOIGZSBYKGQJGL-UHFFFAOYSA-N,19251.64,-7.1
XLMALTXPSGQGBX-GCJKJVERSA-N,8402.96,-7.1
YVQVOQKFMFRVGR-LLUUXILJSA-N,9170.95,-9.4
LEQAKWQJCITZNK-AXHKHJLKSA-N,15517.79,-8.3
ZPFXAOWNKLFJDN-UHFFFAOYSA-N,10959.94,-9.2
JAJLKEVKNDUJBG-UHFFFAOYSA-N,13659.79,-7.1
XDWLRMBWIWKFNC-HNQUOIGGSA-N,14765.68,-8.5
FTOAOBMCPZCFFF-UHFFFAOYSA-N,17459.48,-6.1
DB15096,12726.77,-7.3
VLPIATFUUWWMKC-JTQLQIEISA-N,5377.26,-7.3
CFZXDJWFRVEWSR-BUHFOSPRSA-N,14953.4,-8.7
RRGUKTPIGVIEKM-UHFFFAOYSA-N,16452.45,-10.8
VBZDETYCYXPOAK-HVIDBACLSA-N,5905.84,-7.5
XXYTXQGCRQLRHA-UHFFFAOYSA-N,18724.87,-11.2
XILVEPYQJIOVNB-UHFFFAOYSA-N,3286.77,-9.9
NHTGHBARYWONDQ-JTQLQIEISA-N,11324.97,-7.3
MRBDMNSDAVCSSF-UHFFFAOYSA-N,14587.01,-8.7
XRYLGRGAWQSVQW-KRWDZBQOSA-N,2759.75,-8.2
SETMGIIITGNLAS-UHFFFAOYSA-N,9800.26,-8.7
CTQMJYWDVABFRZ-UHFFFAOYSA-N,8122.28,-7.6
DKVNAGXPRSYHLB-UHFFFAOYSA-N,3034.77,-8.9
PDWUPXJEEYOOTR-IUAIQHPESA-N,5102.38,-7.4
METKIMKYRPQLGS-GFCCVEGCSA-N,13312.54,-8.2
USSIQXCVUWKGNF-KRWDZBQOSA-N,16031.24,-6.3
LMOINURANNBYCM-LLVKDONJSA-N,10561.6,-7.3
AEOCXXJPGCBFJA-UHFFFAOYSA-N,20729.32,-6.2
LHGVFZTZFXWLCP-UHFFFAOYSA-N,8785.93,-5.7
QNZCBYKSOIHPEH-UHFFFAOYSA-N,15319.62,-10.3
AHZBEVXBKNYXPU-UHFFFAOYSA-N,11494.55,-9.8
KYGZCKSPAKDVKC-UHFFFAOYSA-N,15803.51,-8.8
ZVSGUZQJNXHNIL-UHFFFAOYSA-N,16124.0,-8.4
AUZONCFQVSMFAP-UHFFFAOYSA-N,17800.03,-5.2
ALWKGYPQUAPLQC-UHFFFAOYSA-N,16896.01,-7.6
BUJAGSGYPOAWEI-VIFPVBQESA-N,13514.08,-8.2
HTIQEAQVCYTUBX-KRWDZBQOSA-N,16718.56,-6.9
YSAUAVHXTIETRK-AATRIKPKSA-N,15500.38,-7.2
KSGXQBZTULBEEQ-UHFFFAOYSA-N,15587.18,-9.0
QNEXFJFTGQBXBJ-MRVPVSSYSA-N,17499.77,-6.7
KVHHQGIIZCJATJ-BXUZGUMPSA-N,8991.17,-7.7
ITMSAWKLJVGBIT-VKHMYHEASA-N,15676.16,-6.0
XZEUAXYWNKYKPL-WDYNHAJCSA-N,15312.39,-8.3
URCIJDUOBBSMII-HZPDHXFCSA-N,13546.25,-9.4
JEYCTXHKTXCGPB-UHFFFAOYSA-N,16351.91,-8.6
FMRHJJZUHUTGKE-LBPRGKRZSA-N,15570.45,-8.1
LSLYOANBFKQKPT-PIGZYNQJSA-N,10880.01,-9.4
ZLFQARCCMWUSQE-WMPKNSHKSA-N,16830.83,-10.2
FOCVUCIESVLUNU-UHFFFAOYSA-N,16664.44,-4.7
YMDXZJFXQJVXBF-STHAYSLISA-N,13120.79,-4.7
XSBSKEQEUFOSDD-UHFFFAOYSA-N,15828.22,-7.4
MXHODDGKGSGCDI-UHFFFAOYSA-N,15396.75,-9.1
GDYUVHBMFVMBAF-LIRRHRJNSA-N,4877.35,-9.5
GSNOZLZNQMLSKJ-UHFFFAOYSA-N,17457.08,-6.8
MPBVHIBUJCELCL-UHFFFAOYSA-N,15671.69,-6.7
YTRMTPPVNRALON-UHFFFAOYSA-N,15104.58,-10.8
KWTSXDURSIMDCE-MRVPVSSYSA-N,14937.83,-6.5
HIGRLDNHDGYWQJ-UHFFFAOYSA-P,18038.29,-8.4
SNIOPGDIGTZGOP-UHFFFAOYSA-N,16763.0,-5.9
XVAMCHGMPYWHNL-MKPDMIMOSA-N,3334.4,-7.8
NREAGDHHMSOWKZ-DXJNJSHLSA-N,17666.57,-8.7
QAJQUUOBVOKLOD-UHFFFAOYSA-N,13534.35,-9.7
VTUSIVBDOCDNHS-OAHLLOKOSA-N,2801.63,-7.8
JTEGQNOMFQHVDC-NKWVEPMBSA-N,17988.87,-7.1
PAQZZCOZHPGCFW-UUELBBOTSA-N,15332.12,-9.6
WQVAYGCXSJMPRT-UHFFFAOYSA-N,16784.31,-7.0
OCDYNPAUUKDNOR-UHFFFAOYSA-N,6625.81,-9.7
YWPHCCPCQOJSGZ-NSHDSACASA-N,13640.68,-8.1
GMZVRMREEHBGGF-UHFFFAOYSA-N,12692.09,-5.5
GUBGYTABKSRVRQ-QUYVBRFLSA-N,15619.43,-6.3
PYNXFZCZUAOOQC-UTKZUKDTSA-N,20864.1,-10.0
GKWPCEFFIHSJOE-UHFFFAOYSA-N,16679.4,-7.6
WZHCOOQXZCIUNC-AEGPPILISA-N,6486.03,-9.2
QNIVIMYXGGFTAK-QMMMGPOBSA-N,12432.65,-5.6
ZCVAIGPGEINFCX-MRVPVSSYSA-N,16885.11,-7.4
SRZGFCNCQUMTCP-MRVPVSSYSA-N,12416.32,-6.1
UFLGIAIHIAPJJC-UHFFFAOYSA-N,5477.11,-8.1
HXHWSAZORRCQMX-UHFFFAOYSA-N,17509.29,-8.0
BXMFKNRZTLNAFY-UHFFFAOYSA-N,4788.7,-7.9
RZVAJINKPMORJF-UHFFFAOYSA-N,17883.03,-6.4
NPUKDXXFDDZOKR-LLVKDONJSA-N,12250.34,-8.1
HPJKCIUCZWXJDR-UHFFFAOYSA-N,15971.45,-9.9
VZJFGSRCJCXDSG-UHFFFAOYSA-N,13307.95,-5.7
WIKYUJGCLQQFNW-UHFFFAOYSA-N,6992.79,-7.2
WFJIVOKAWHGMBH-UHFFFAOYSA-N,14207.26,-7.5
DBOUGBAQLIXZLV-UHFFFAOYSA-N,3254.7,-6.5
QSLJIVKCVHQPLV-PEMPUTJUSA-N,14267.41,-7.9
FZNCGRZWXLXZSZ-CIQUZCHMSA-N,17761.2,-5.9
CMWTZPSULFXXJA-VIFPVBQESA-N,17499.39,-8.8
YAMVZYRZAMBCED-UHFFFAOYSA-N,10612.83,-7.6
STHAHFPLLHRRRO-UHFFFAOYSA-N,12845.6,-9.0
ZEUITGRIYCTCEM-KRWDZBQOSA-N,3810.65,-9.0
COVZYZSDYWQREU-UHFFFAOYSA-N,12410.26,-5.8
IUCJMVBFZDHPDX-UHFFFAOYSA-N,3725.22,-7.1
OGAKLTJNUQRZJU-UHFFFAOYSA-N,7635.65,-8.6
JFNWFXVFBDDWCX-UHFFFAOYSA-N,14378.35,-7.8
SZNQDPUZKFSCNG-UHFFFAOYSA-N,18717.65,-7.1
YXSLJKQTIDHPOT-OIJGJAQQSA-N,9706.71,-7.4
AMTPYFGPPVFBBI-UHFFFAOYSA-N,8921.91,-9.8
HXYVTAGFYLMHSO-UHFFFAOYSA-N,15567.91,-7.3
ZCKAMNXUHHNZLN-UHFFFAOYSA-N,15016.83,-7.2
ABBQGOCHXSPKHJ-WUKNDPDISA-N,7000.21,-7.4
AFCGFAGUEYAMAO-UHFFFAOYSA-N,17877.52,-5.8
CPTBDICYNRMXFX-UHFFFAOYSA-N,9378.11,-8.1
FAKRSMQSSFJEIM-RQJHMYQMSA-N,16741.81,-5.2
AIUHRQHVWSUTGJ-UHFFFAOYSA-N,14728.78,-7.1
GBBSUAFBMRNDJC-MRXNPFEDSA-N,15786.33,-7.8
RZZPDXZPRHQOCG-OJAKKHQRSA-N,15306.73,-8.3
SSOLNOMRVKKSON-UHFFFAOYSA-N,3775.29,-9.0
KKHPNPMTPORSQE-GOSISDBHSA-N,14772.75,-8.3
RGCVKNLCSQQDEP-UHFFFAOYSA-N,7385.16,-7.2
QRORCRWSRPKEHR-UHFFFAOYSA-N,5942.67,-9.1
FLWFHHFTIRLFPV-KRWDZBQOSA-N,13600.62,-6.9
USSIQXCVUWKGNF-QGZVFWFLSA-N,16582.64,-6.5
SFLSHLFXELFNJZ-QMMMGPOBSA-N,7062.95,-6.7
QULKGELYPOJSLP-WCABBAIRSA-N,13145.34,-6.9
SHZKQBHERIJWAO-AATRIKPKSA-N,13906.32,-8.4
ALYNCZNDIQEVRV-UHFFFAOYSA-N,15612.16,-6.2
SOROIESOUPGGFO-YFKPBYRVSA-N,15979.86,-6.2
YIEDSISPYKQADU-FMQUCBEESA-N,11778.85,-8.4
VGGGPCQERPFHOB-RDBSUJKOSA-N,12619.16,-8.5
ABJKWBDEJIDSJZ-UHFFFAOYSA-N,8370.59,-10.7
GNDPAVKYAUIVEB-NTEUORMPSA-N,7397.79,-8.3
XUYANFPPYJSBPU-QMMMGPOBSA-N,18001.94,-6.5
LIRCDOVJWUGTMW-ZWNOBZJWSA-N,14691.76,-9.0
CFOYBMUYCBSDAL-UHFFFAOYSA-N,4763.77,-8.2
OPJOMVMFYOUDPK-UHFFFAOYSA-N,8548.75,-6.9
AGMMTXLNIQSRCG-SECBINFHSA-N,16691.3,-7.9
HPBNRIOWIXYZFK-QMMMGPOBSA-N,11993.61,-7.8
UPOYFZYFGWBUKL-UHFFFAOYSA-N,5109.63,-7.4
GUHPRPJDBZHYCJ-VIFPVBQESA-N,7095.85,-9.0
WOVKYSAHUYNSMH-RRKCRQDMSA-N,14839.52,-8.0
OXDOWGVJMITMJL-OAQYLSRUSA-N,12493.64,-7.3
NULMGOSOSZBEQL-QMMMGPOBSA-N,8611.42,-7.3
ORRZGUBHBVWWOP-UHFFFAOYSA-N,14691.64,-6.2
BAQCROVBDNBEEB-KSDLJXBFSA-N,11643.86,-6.4
YVPYQUNUQOZFHG-UHFFFAOYSA-N,13461.5,-6.0
OVGORFFCBUIFIA-NSHDSACASA-N,15071.38,-7.3
NKJQZSDCCLDOQH-MRXNPFEDSA-N,13488.25,-8.3
QIFJTEYRIMDFPK-UHFFFAOYSA-N,2393.87,-6.1
IDWVKNARDDZONS-UHFFFAOYSA-N,7442.97,-8.2
VZVGEDRCVUKSEL-UHFFFAOYSA-N,15032.34,-6.3
DGMJZELBSFOPHH-KVTDHHQDSA-N,13687.5,-6.2
SKPLBLUECSEIFO-QMMMGPOBSA-N,15836.05,-7.5
MPTXLVRHYGBOQY-UHFFFAOYSA-N,7462.31,-7.4
SMOBCLHAZXOKDQ-ZJUUUORDSA-N,14106.73,-9.2
QOBAOSCOLAGPKI-UHFFFAOYSA-N,14733.4,-10.4
KJONHKAYOJNZEC-UHFFFAOYSA-N,14958.16,-7.7
PJVWKTKQMONHTI-OAHLLOKOSA-N,13026.26,-8.5
NEUSVAOJNUQRTM-UHFFFAOYSA-N,11998.84,-8.0
JUUFBMODXQKSTD-UHFFFAOYSA-N,9742.54,-9.6
DHSUYTOATWAVLW-WFVMDLQDSA-N,15717.95,-8.0
VXMOONUMYLCFJD-DHLKQENFSA-N,11153.65,-8.3
VSQQQLOSPVPRAZ-RRKCRQDMSA-N,15085.23,-8.7
MVFGUOIZUNYYSO-LLVKDONJSA-N,14792.88,-8.0
JZUFKLXOESDKRF-UHFFFAOYSA-N,12572.28,-7.9
XNMYNYSCEJBRPZ-UHFFFAOYSA-N,12988.28,-9.2
PTGXAUBQBSGPKF-ZRGWGRIASA-N,16099.95,-9.7
PGAVKCOVUIYSFO-XVFCMESISA-N,11430.33,-8.7
XSCGXQMFQXDFCW-UHFFFAOYSA-N,2627.77,-7.9
MMNICIJVQJJHHF-LJQANCHMSA-N,5026.42,-8.1
JRWZLRBJNMZMFE-CYBMUJFWSA-N,11637.78,-9.6
ACGDKVXYNVEAGU-UHFFFAOYSA-N,15643.76,-7.3
ZULJGOSFKWFVRX-UHFFFAOYSA-N,18500.8,-7.0
CXOXHMZGEKVPMT-UHFFFAOYSA-N,6420.96,-7.2
RZWPJFMNFATBEG-UHFFFAOYSA-N,14313.32,-9.0
IZYQCDNLUPLXOO-UHFFFAOYSA-N,13372.24,-9.1
YSXKPIUOCJLQIE-ZFMNYDKASA-N,14238.75,-9.9
IDPUKCWIGUEADI-UHFFFAOYSA-N,12895.5,-6.5
JRWZLRBJNMZMFE-ZDUSSCGKSA-N,13953.63,-9.6
ZDXPYRJPNDTMRX-VKHMYHEASA-N,12692.98,-5.4
FRIZVHMAECRUBR-KIWWSDKQSA-N,6999.76,-6.9
ZFMITUMMTDLWHR-UHFFFAOYSA-N,10818.2,-7.8
LRXXRIXDSAEIOR-ZDUSSCGKSA-N,4788.12,-9.1
MEZLKOACVSPNER-GFCCVEGCSA-N,3969.84,-7.7
FUBVWMNBEHXPSU-UHFFFAOYSA-N,8848.75,-8.0
KYCBWEZLKCTALM-UHFFFAOYSA-N,8559.28,-8.3
JXUMCVDPMJWGSI-UHFFFAOYSA-N,14237.9,-5.9
WSSJONWNBBTCMG-NWDGAFQWSA-N,12371.82,-7.3
JTUQXGZRVLWBCR-GOSISDBHSA-N,4839.69,-10.5
ZKGDBJAHIIXDDW-MRVPVSSYSA-N,13495.67,-6.6
GOZBHBFUQHMKQB-UHFFFAOYSA-N,15641.66,-8.0
XSVMFMHYUFZWBK-NSHDSACASA-N,11251.06,-8.2
JMUHBNWAORSSBD-WKYWBUFDSA-N,12700.27,-3.7
SNWQKAWITMVCQW-UHFFFAOYSA-N,11767.17,-10.1
UISARWKNNNHPGI-INIZCTEOSA-N,15805.75,-9.5
LJQWYEFHNLTPBZ-UHFFFAOYSA-N,4820.62,-7.7
FLGCRGJDQJIJAW-INIZCTEOSA-N,2506.94,-8.0
DUGOZIWVEXMGBE-CHWSQXEVSA-N,13851.07,-7.6
CVXBEEMKQHEXEN-UHFFFAOYSA-N,7862.64,-9.0
JEJBJBKVPOWOQK-QGZVFWFLSA-N,14216.66,-9.2
SKZKKFZAGNVIMN-UHFFFAOYSA-N,9010.9,-6.6
QADHLRWLCPCEKT-LOVVWNRFSA-N,12159.52,-7.9
VQASKUSHBVDKGU-ZETCQYMHSA-N,7886.23,-6.1
CKWHSYRZDLWQFV-HNNXBMFYSA-N,13193.08,-7.6
NMTBSNPBIGRZBL-UHFFFAOYSA-N,11436.87,-8.3
BQJODPIMMWWMFC-UHFFFAOYSA-N,11131.65,-7.3
VWYQKFLLGRBICZ-UHFFFAOYSA-N,10557.83,-8.2
KLDXJTOLSGUMSJ-JGWLITMVSA-N,7038.12,-5.3
ZGSDGGRVFIYKKE-OXQOHEQNSA-N,14679.01,-7.7
OFVFGKQCUDMLLP-UHFFFAOYSA-N,13052.67,-9.8
BPEGJWRSRHCHSN-UHFFFAOYSA-N,14172.51,-7.3
MVMXJBMAGBRAHD-UHFFFAOYSA-N,12262.71,-7.7
